Position,Const,Created,Modified,Description,Title,Original Title,URL,Title Type,IMDb Rating,Runtime (mins),Year,Genres,Num Votes,Release Date,Directors
1,tt2024544,2020-02-16,2020-02-16,,"12 Years a Slave","12 Years a Slave",https://www.imdb.com/title/tt2024544/,Movie,8.1,134,2013,"Biography, Drama, History",794186,2014-01-10,"Steve McQueen"
2,tt0114369,2020-02-16,2020-02-16,,"Seven","Se7en",https://www.imdb.com/title/tt0114369/,Movie,8.6,127,1995,"Crime, Drama, Mystery, Thriller",2056458,1996-01-05,"David Fincher"
3,tt1210166,2020-02-16,2020-02-16,,"Moneyball","Moneyball",https://www.imdb.com/title/tt1210166/,Movie,7.6,133,2011,"Biography, Drama, Sport",516746,2011-11-25,"Bennett Miller"
4,tt0114746,2020-02-16,2020-02-16,,"Twelve Monkeys","Twelve Monkeys",https://www.imdb.com/title/tt0114746/,Movie,8.0,129,1995,"Mystery, Sci-Fi, Thriller",684094,1996-04-19,"Terry Gilliam"
5,tt0137523,2020-02-16,2020-02-16,,"Fight Club","Fight Club",https://www.imdb.com/title/tt0137523/,Movie,8.8,139,1999,"Crime, Drama, Thriller",2658127,1999-11-12,"David Fincher"
6,tt0361748,2020-02-16,2020-02-16,,"Inglourious Basterds","Inglourious Basterds",https://www.imdb.com/title/tt0361748/,Movie,8.4,153,2009,"Drama, War",1816177,2009-08-19,"Quentin Tarantino"
7,tt0103074,2020-02-16,2020-02-16,,"Thelma & Louise","Thelma & Louise",https://www.imdb.com/title/tt0103074/,Movie,7.6,130,1991,"Adventure, Crime, Drama",196508,1991-07-12,"Ridley Scott"
8,tt7131622,2020-02-16,2020-02-16,,"Once Upon a Time... in Hollywood","Once Upon a Time in... Hollywood",https://www.imdb.com/title/tt7131622/,Movie,7.6,161,2019,"Comedy, Drama",977426,2019-08-14,"Quentin Tarantino"
9,tt0108399,2020-02-16,2020-02-16,,"True Romance","True Romance",https://www.imdb.com/title/tt0108399/,Movie,7.9,119,1993,"Crime, Drama, Romance, Thriller",263503,1993-10-15,"Tony Scott"
10,tt1596363,2020-02-16,2020-02-16,,"The Big Short","The Big Short",https://www.imdb.com/title/tt1596363/,Movie,7.8,130,2015,"Biography, Comedy, Drama, History",547499,2016-01-22,"Adam McKay"
11,tt0240772,2020-02-16,2020-02-16,,"Ocean's Eleven","Ocean's Eleven",https://www.imdb.com/title/tt0240772/,Movie,7.7,116,2001,"Crime, Thriller",682801,2002-02-15,"Steven Soderbergh"
12,tt0208092,2020-02-16,2020-02-16,,"Snatch","Snatch",https://www.imdb.com/title/tt0208092/,Movie,8.2,104,2000,"Comedy, Crime",985125,2000-09-01,"Guy Ritchie"
13,tt0443680,2020-02-16,2020-02-16,,"The Assassination of Jesse James by the Coward Robert Ford","The Assassination of Jesse James by the Coward Robert Ford",https://www.imdb.com/title/tt0443680/,Movie,7.5,160,2007,"Biography, Crime, Drama, History, Western",206226,2007-11-30,"Andrew Dominik"
14,tt16311594,2026-05-26,2026-05-26,,"F1","F1",https://www.imdb.com/title/tt16311594/,Movie,7.6,155,2025,"Drama, Sport",390862,2025-06-25,"Joseph Kosinski"
15,tt0421715,2020-02-16,2020-02-16,,"The Curious Case of Benjamin Button","The Curious Case of Benjamin Button",https://www.imdb.com/title/tt0421715/,Movie,7.8,166,2008,"Drama, Fantasy, Romance",753917,2009-02-06,"David Fincher"
16,tt0449467,2020-02-16,2020-02-16,,"Babel","Babel",https://www.imdb.com/title/tt0449467/,Movie,7.4,143,2006,"Drama",330880,2007-01-19,"Alejandro G. Iñárritu"
17,tt0478304,2020-02-16,2020-02-16,,"The Tree of Life","The Tree of Life",https://www.imdb.com/title/tt0478304/,Movie,6.8,139,2011,"Drama, Fantasy",193396,2011-07-08,"Terrence Malick"
18,tt2713180,2020-02-16,2020-02-16,,"Fury","Fury",https://www.imdb.com/title/tt2713180/,Movie,7.6,134,2014,"Action, Drama, War",618110,2014-10-22,"David Ayer"
19,tt0105265,2020-02-16,2020-02-16,,"A River Runs Through It","A River Runs Through It",https://www.imdb.com/title/tt0105265/,Movie,7.2,123,1992,"Drama",72016,1993-02-19,"Robert Redford"
20,tt0117665,2020-02-16,2020-02-16,,"Sleepers","Sleepers",https://www.imdb.com/title/tt0117665/,Movie,7.5,147,1996,"Crime, Drama, Thriller",257576,1997-01-03,"Barry Levinson"
21,tt1001526,2020-02-16,2020-02-16,,"Megamind","Megamind",https://www.imdb.com/title/tt1001526/,Movie,7.3,95,2010,"Animation, Action, Adventure, Comedy, Crime, Family, Fantasy, Sci-Fi",330403,2010-12-03,"Tom McGrath"
22,tt0110148,2020-02-16,2020-02-16,,"Interview with the Vampire: The Vampire Chronicles","Interview with the Vampire: The Vampire Chronicles",https://www.imdb.com/title/tt0110148/,Movie,7.5,123,1994,"Drama, Fantasy, Horror",380593,1995-01-20,"Neil Jordan"
23,tt10640346,2023-05-16,2023-05-16,,"Babylon","Babylon",https://www.imdb.com/title/tt10640346/,Movie,7.1,189,2022,"Comedy, Drama",209819,2023-01-20,"Damien Chazelle"
24,tt2935510,2020-03-20,2020-03-20,,"Ad Astra","Ad Astra",https://www.imdb.com/title/tt2935510/,Movie,6.5,123,2019,"Adventure, Drama, Mystery, Sci-Fi, Thriller",284077,2019-09-18,"James Gray"
25,tt0266987,2020-02-16,2020-02-16,,"Spy Game","Spy Game",https://www.imdb.com/title/tt0266987/,Movie,7.1,126,2001,"Action, Crime, Thriller",178450,2001-11-23,"Tony Scott"
26,tt0496806,2020-02-16,2020-02-16,,"Ocean's Thirteen","Ocean's Thirteen",https://www.imdb.com/title/tt0496806/,Movie,6.9,122,2007,"Crime, Thriller",390343,2007-06-08,"Steven Soderbergh"
27,tt0887883,2020-02-16,2020-02-16,,"Burn After Reading","Burn After Reading",https://www.imdb.com/title/tt0887883/,Movie,7.0,96,2008,"Comedy, Crime, Drama, Thriller",380036,2008-10-17,"Ethan Coen, Joel Coen"
28,tt0816711,2020-02-16,2020-02-16,,"World War Z","World War Z",https://www.imdb.com/title/tt0816711/,Movie,7.0,116,2013,"Action, Adventure, Horror, Sci-Fi",793973,2013-06-21,"Marc Forster"
29,tt0110322,2020-02-16,2020-02-16,,"Legends of the Fall","Legends of the Fall",https://www.imdb.com/title/tt0110322/,Movie,7.5,133,1994,"Drama, Romance, War, Western",201973,1995-04-28,"Edward Zwick"
30,tt3640424,2020-02-16,2020-02-16,,"Allied","Allied",https://www.imdb.com/title/tt3640424/,Movie,7.1,124,2016,"Action, Drama, Romance, Thriller, War",181558,2016-11-25,"Robert Zemeckis"
31,tt0349903,2020-02-16,2020-02-16,,"Ocean's Twelve","Ocean's Twelve",https://www.imdb.com/title/tt0349903/,Movie,6.5,125,2004,"Crime, Thriller",441481,2005-02-04,"Steven Soderbergh"
32,tt12593682,2023-05-16,2023-05-16,,"Bullet Train","Bullet Train",https://www.imdb.com/title/tt12593682/,Movie,7.3,127,2022,"Action, Comedy, Thriller",547048,2022-08-03,"David Leitch"
33,tt0332452,2020-02-16,2020-02-16,,"Troy","Troy",https://www.imdb.com/title/tt0332452/,Movie,7.3,163,2004,"Action, Adventure",648135,2004-05-21,"Wolfgang Petersen"
34,tt1764234,2020-02-16,2020-02-16,,"Killing Them Softly","Killing Them Softly",https://www.imdb.com/title/tt1764234/,Movie,6.2,97,2012,"Crime, Drama, Thriller",161691,2012-09-21,"Andrew Dominik"
35,tt0120102,2020-02-16,2020-02-16,,"Seven Years in Tibet","Seven Years in Tibet",https://www.imdb.com/title/tt0120102/,Movie,7.1,136,1997,"Adventure, Biography, Drama, History, War",169973,1997-11-21,"Jean-Jacques Annaud"
36,tt14257582,2025-06-01,2025-06-01,,"Wolfs","Wolfs",https://www.imdb.com/title/tt14257582/,Movie,6.5,108,2024,"Action, Comedy, Crime, Thriller",107632,2024-09-27,"Jon Watts"
37,tt13320622,2023-05-16,2023-05-16,,"The Lost City","The Lost City",https://www.imdb.com/title/tt13320622/,Movie,6.1,112,2022,"Action, Adventure, Comedy, Romance",179284,2022-04-15,"Aaron Nee, Adam Nee"
38,tt0119643,2020-02-16,2020-02-16,,"Meet Joe Black","Meet Joe Black",https://www.imdb.com/title/tt0119643/,Movie,7.2,178,1998,"Drama, Fantasy, Romance",303245,1999-01-15,"Martin Brest"
39,tt0356910,2020-02-16,2020-02-16,,"Mr. & Mrs. Smith","Mr. & Mrs. Smith",https://www.imdb.com/title/tt0356910/,Movie,6.5,120,2005,"Action, Comedy, Crime, Thriller",601839,2005-06-10,"Doug Liman"
40,tt0107302,2020-02-16,2020-02-16,,"Kalifornia","Kalifornia",https://www.imdb.com/title/tt0107302/,Movie,6.7,117,1993,"Crime, Drama, Thriller",63360,1994-04-01,"Dominic Sena"
41,tt0165982,2020-02-16,2020-02-16,,"Sinbad: Legend of the Seven Seas","Sinbad: Legend of the Seven Seas",https://www.imdb.com/title/tt0165982/,Movie,6.8,88,2003,"Animation, Adventure, Comedy, Family, Fantasy",65013,2003-07-25,"Patrick Gilmore, Tim Johnson"
42,tt0118972,2020-02-16,2020-02-16,,"The Devil's Own","The Devil's Own",https://www.imdb.com/title/tt0118972/,Movie,6.2,111,1997,"Action, Crime, Drama, Thriller",78810,1997-06-20,"Alan J. Pakula"
43,tt1402488,2020-02-16,2020-02-16,,"Happy Feet Two","Happy Feet Two",https://www.imdb.com/title/tt1402488/,Movie,5.8,100,2011,"Animation, Adventure, Comedy, Family, Musical, Romance",51448,2011-12-02,"George Miller, Gary Eck, David Peers"
44,tt4758646,2020-02-16,2020-02-16,,"War Machine","War Machine",https://www.imdb.com/title/tt4758646/,Movie,6.0,122,2017,"Comedy, Drama, War",53615,2017-05-26,"David Michôd"
45,tt0236493,2020-02-16,2020-02-16,,"The Mexican","The Mexican",https://www.imdb.com/title/tt0236493/,Movie,6.1,123,2001,"Adventure, Comedy, Drama, Romance",122190,2001-04-27,"Gore Verbinski"
46,tt0104567,2020-02-16,2020-02-16,,"Johnny Suede","Johnny Suede",https://www.imdb.com/title/tt0104567/,Movie,5.7,97,1991,"Comedy, Drama, Music, Romance",4760,1992-06-12,"Tom DiCillo"
47,tt0109783,2020-02-16,2020-02-16,,"The Favour","The Favor",https://www.imdb.com/title/tt0109783/,Movie,5.2,97,1994,"Comedy, Romance",3558,1994-04-29,"Donald Petrie"
48,tt2193215,2020-02-16,2020-02-16,,"The Counsellor","The Counselor",https://www.imdb.com/title/tt2193215/,Movie,5.4,117,2013,"Action, Adventure, Crime, Drama, Mystery, Thriller",110756,2013-11-15,"Ridley Scott"
49,tt0097478,2020-02-16,2020-02-16,,"Happy Together","Happy Together",https://www.imdb.com/title/tt0097478/,Movie,5.8,102,1989,"Comedy, Romance",2156,1989-12-10,"Mel Damski"
50,tt3707106,2020-02-16,2020-02-16,,"By the Sea","By the Sea",https://www.imdb.com/title/tt3707106/,Movie,5.3,122,2015,"Drama, Romance",23860,2015-12-11,"Angelina Jolie"
51,tt0104009,2020-02-16,2020-02-16,,"Cool World","Cool World",https://www.imdb.com/title/tt0104009/,Movie,4.9,102,1992,"Animation, Comedy, Fantasy",27196,1992-12-18,"Ralph Bakshi"
52,tt0118930,2020-02-16,2020-02-16,,"The Dark Side of the Sun","The Dark Side of the Sun",https://www.imdb.com/title/tt0118930/,Movie,5.4,101,1988,"Drama, Romance",3959,1988-12-21,"Bozidar 'Bota' Nikolic"
53,tt0101268,2020-02-16,2020-02-16,,"Across the Tracks","Across the Tracks",https://www.imdb.com/title/tt0101268/,Movie,5.8,100,1990,"Drama, Sport",3047,1991-02-15,"Sandy Tung"
54,tt0097136,2020-02-16,2020-02-16,,"Cutting Class","Cutting Class",https://www.imdb.com/title/tt0097136/,Movie,4.6,91,1989,"Comedy, Crime, Horror, Mystery, Thriller",7263,1992-02-07,"Rospo Pallenberg"
