Director,Director Label,Film Count,Average IMDb Rating,Detail Label,Films
David Fincher,"David Fincher
Seven · Fight Club · Benjamin Button",3,8.4,"8.40 · 3 films","Seven | Fight Club | The Curious Case of Benjamin Button"
Quentin Tarantino,"Quentin Tarantino
Inglourious Basterds · Once Upon a Time... in Hollywood",2,8.0,"8.00 · 2 films","Inglourious Basterds | Once Upon a Time... in Hollywood"
Tony Scott,"Tony Scott
True Romance · Spy Game",2,7.5,"7.50 · 2 films","True Romance | Spy Game"
Steven Soderbergh,"Steven Soderbergh
Ocean's Eleven · Ocean's Thirteen · Ocean's Twelve",3,7.03,"7.03 · 3 films","Ocean's Eleven | Ocean's Thirteen | Ocean's Twelve"
Andrew Dominik,"Andrew Dominik
Jesse James · Killing Them Softly",2,6.85,"6.85 · 2 films","The Assassination of Jesse James by the Coward Robert Ford | Killing Them Softly"
Ridley Scott,"Ridley Scott
Thelma & Louise · The Counsellor",2,6.5,"6.50 · 2 films","Thelma & Louise | The Counsellor"
