date,year,month_num,month,sunshine_hours
1910-01-01,1910,1,Jan,71.2
1910-02-01,1910,2,Feb,75.2
1910-03-01,1910,3,Mar,155.6
1910-04-01,1910,4,Apr,133.5
1910-05-01,1910,5,May,211.0
1910-06-01,1910,6,Jun,192.9
1910-07-01,1910,7,Jul,118.5
1910-08-01,1910,8,Aug,167.0
1910-09-01,1910,9,Sep,124.1
1910-10-01,1910,10,Oct,72.9
1910-11-01,1910,11,Nov,80.8
1910-12-01,1910,12,Dec,30.7
1911-01-01,1911,1,Jan,60.8
1911-02-01,1911,2,Feb,68.9
1911-03-01,1911,3,Mar,89.6
1911-04-01,1911,4,Apr,161.2
1911-05-01,1911,5,May,224.4
1911-06-01,1911,6,Jun,218.4
1911-07-01,1911,7,Jul,312.8
1911-08-01,1911,8,Aug,238.4
1911-09-01,1911,9,Sep,212.8
1911-10-01,1911,10,Oct,98.6
1911-11-01,1911,11,Nov,58.6
1911-12-01,1911,12,Dec,43.1
1912-01-01,1912,1,Jan,35.0
1912-02-01,1912,2,Feb,53.4
1912-03-01,1912,3,Mar,94.2
1912-04-01,1912,4,Apr,241.7
1912-05-01,1912,5,May,174.5
1912-06-01,1912,6,Jun,192.9
1912-07-01,1912,7,Jul,163.0
1912-08-01,1912,8,Aug,107.8
1912-09-01,1912,9,Sep,112.2
1912-10-01,1912,10,Oct,128.6
1912-11-01,1912,11,Nov,36.0
1912-12-01,1912,12,Dec,25.8
1913-01-01,1913,1,Jan,45.9
1913-02-01,1913,2,Feb,67.7
1913-03-01,1913,3,Mar,104.6
1913-04-01,1913,4,Apr,130.9
1913-05-01,1913,5,May,201.3
1913-06-01,1913,6,Jun,201.7
1913-07-01,1913,7,Jul,101.3
1913-08-01,1913,8,Aug,165.4
1913-09-01,1913,9,Sep,136.9
1913-10-01,1913,10,Oct,108.3
1913-11-01,1913,11,Nov,83.9
1913-12-01,1913,12,Dec,40.7
1914-01-01,1914,1,Jan,38.6
1914-02-01,1914,2,Feb,92.4
1914-03-01,1914,3,Mar,99.3
1914-04-01,1914,4,Apr,230.8
1914-05-01,1914,5,May,204.3
1914-06-01,1914,6,Jun,242.3
1914-07-01,1914,7,Jul,173.4
1914-08-01,1914,8,Aug,191.0
1914-09-01,1914,9,Sep,194.6
1914-10-01,1914,10,Oct,76.3
1914-11-01,1914,11,Nov,67.2
1914-12-01,1914,12,Dec,39.5
1915-01-01,1915,1,Jan,34.1
1915-02-01,1915,2,Feb,73.0
1915-03-01,1915,3,Mar,98.9
1915-04-01,1915,4,Apr,173.2
1915-05-01,1915,5,May,221.0
1915-06-01,1915,6,Jun,231.3
1915-07-01,1915,7,Jul,181.5
1915-08-01,1915,8,Aug,168.8
1915-09-01,1915,9,Sep,172.2
1915-10-01,1915,10,Oct,77.4
1915-11-01,1915,11,Nov,71.5
1915-12-01,1915,12,Dec,37.4
1916-01-01,1916,1,Jan,53.5
1916-02-01,1916,2,Feb,71.5
1916-03-01,1916,3,Mar,58.9
1916-04-01,1916,4,Apr,190.5
1916-05-01,1916,5,May,182.9
1916-06-01,1916,6,Jun,130.7
1916-07-01,1916,7,Jul,145.8
1916-08-01,1916,8,Aug,165.9
1916-09-01,1916,9,Sep,107.9
1916-10-01,1916,10,Oct,87.8
1916-11-01,1916,11,Nov,69.2
1916-12-01,1916,12,Dec,24.2
1917-01-01,1917,1,Jan,23.0
1917-02-01,1917,2,Feb,42.7
1917-03-01,1917,3,Mar,79.4
1917-04-01,1917,4,Apr,131.9
1917-05-01,1917,5,May,242.5
1917-06-01,1917,6,Jun,224.5
1917-07-01,1917,7,Jul,227.3
1917-08-01,1917,8,Aug,159.5
1917-09-01,1917,9,Sep,165.9
1917-10-01,1917,10,Oct,150.3
1917-11-01,1917,11,Nov,58.0
1917-12-01,1917,12,Dec,60.0
1918-01-01,1918,1,Jan,61.3
1918-02-01,1918,2,Feb,78.2
1918-03-01,1918,3,Mar,135.5
1918-04-01,1918,4,Apr,103.0
1918-05-01,1918,5,May,226.8
1918-06-01,1918,6,Jun,229.9
1918-07-01,1918,7,Jul,201.5
1918-08-01,1918,8,Aug,185.9
1918-09-01,1918,9,Sep,152.0
1918-10-01,1918,10,Oct,70.3
1918-11-01,1918,11,Nov,69.2
1918-12-01,1918,12,Dec,33.4
1919-01-01,1919,1,Jan,36.1
1919-02-01,1919,2,Feb,50.2
1919-03-01,1919,3,Mar,89.8
1919-04-01,1919,4,Apr,116.1
1919-05-01,1919,5,May,267.8
1919-06-01,1919,6,Jun,225.1
1919-07-01,1919,7,Jul,115.7
1919-08-01,1919,8,Aug,216.2
1919-09-01,1919,9,Sep,164.4
1919-10-01,1919,10,Oct,132.4
1919-11-01,1919,11,Nov,51.8
1919-12-01,1919,12,Dec,31.0
1920-01-01,1920,1,Jan,53.1
1920-02-01,1920,2,Feb,89.0
1920-03-01,1920,3,Mar,141.6
1920-04-01,1920,4,Apr,92.4
1920-05-01,1920,5,May,234.3
1920-06-01,1920,6,Jun,229.0
1920-07-01,1920,7,Jul,159.9
1920-08-01,1920,8,Aug,146.3
1920-09-01,1920,9,Sep,107.3
1920-10-01,1920,10,Oct,165.9
1920-11-01,1920,11,Nov,82.6
1920-12-01,1920,12,Dec,30.3
1921-01-01,1921,1,Jan,46.6
1921-02-01,1921,2,Feb,78.1
1921-03-01,1921,3,Mar,138.4
1921-04-01,1921,4,Apr,206.7
1921-05-01,1921,5,May,245.5
1921-06-01,1921,6,Jun,210.7
1921-07-01,1921,7,Jul,262.5
1921-08-01,1921,8,Aug,177.8
1921-09-01,1921,9,Sep,172.0
1921-10-01,1921,10,Oct,148.2
1921-11-01,1921,11,Nov,70.3
1921-12-01,1921,12,Dec,42.1
1922-01-01,1922,1,Jan,36.2
1922-02-01,1922,2,Feb,102.2
1922-03-01,1922,3,Mar,102.9
1922-04-01,1922,4,Apr,167.0
1922-05-01,1922,5,May,276.6
1922-06-01,1922,6,Jun,227.5
1922-07-01,1922,7,Jul,149.0
1922-08-01,1922,8,Aug,147.8
1922-09-01,1922,9,Sep,128.6
1922-10-01,1922,10,Oct,134.7
1922-11-01,1922,11,Nov,56.0
1922-12-01,1922,12,Dec,47.4
1923-01-01,1923,1,Jan,61.7
1923-02-01,1923,2,Feb,57.4
1923-03-01,1923,3,Mar,100.5
1923-04-01,1923,4,Apr,146.3
1923-05-01,1923,5,May,152.7
1923-06-01,1923,6,Jun,130.5
1923-07-01,1923,7,Jul,225.4
1923-08-01,1923,8,Aug,245.1
1923-09-01,1923,9,Sep,183.8
1923-10-01,1923,10,Oct,92.6
1923-11-01,1923,11,Nov,93.0
1923-12-01,1923,12,Dec,37.5
1924-01-01,1924,1,Jan,59.4
1924-02-01,1924,2,Feb,45.9
1924-03-01,1924,3,Mar,168.2
1924-04-01,1924,4,Apr,148.1
1924-05-01,1924,5,May,183.5
1924-06-01,1924,6,Jun,197.6
1924-07-01,1924,7,Jul,236.0
1924-08-01,1924,8,Aug,163.1
1924-09-01,1924,9,Sep,120.4
1924-10-01,1924,10,Oct,94.4
1924-11-01,1924,11,Nov,44.8
1924-12-01,1924,12,Dec,47.9
1925-01-01,1925,1,Jan,53.5
1925-02-01,1925,2,Feb,68.7
1925-03-01,1925,3,Mar,90.4
1925-04-01,1925,4,Apr,136.9
1925-05-01,1925,5,May,220.9
1925-06-01,1925,6,Jun,250.3
1925-07-01,1925,7,Jul,192.4
1925-08-01,1925,8,Aug,147.3
1925-09-01,1925,9,Sep,118.6
1925-10-01,1925,10,Oct,102.6
1925-11-01,1925,11,Nov,83.1
1925-12-01,1925,12,Dec,59.9
1926-01-01,1926,1,Jan,48.3
1926-02-01,1926,2,Feb,45.7
1926-03-01,1926,3,Mar,121.3
1926-04-01,1926,4,Apr,111.4
1926-05-01,1926,5,May,179.1
1926-06-01,1926,6,Jun,182.3
1926-07-01,1926,7,Jul,184.9
1926-08-01,1926,8,Aug,204.9
1926-09-01,1926,9,Sep,142.4
1926-10-01,1926,10,Oct,113.8
1926-11-01,1926,11,Nov,45.5
1926-12-01,1926,12,Dec,56.6
1927-01-01,1927,1,Jan,56.9
1927-02-01,1927,2,Feb,50.0
1927-03-01,1927,3,Mar,126.6
1927-04-01,1927,4,Apr,167.7
1927-05-01,1927,5,May,214.1
1927-06-01,1927,6,Jun,178.7
1927-07-01,1927,7,Jul,139.1
1927-08-01,1927,8,Aug,181.6
1927-09-01,1927,9,Sep,109.3
1927-10-01,1927,10,Oct,101.4
1927-11-01,1927,11,Nov,56.4
1927-12-01,1927,12,Dec,33.1
1928-01-01,1928,1,Jan,61.6
1928-02-01,1928,2,Feb,96.1
1928-03-01,1928,3,Mar,99.8
1928-04-01,1928,4,Apr,133.0
1928-05-01,1928,5,May,168.3
1928-06-01,1928,6,Jun,222.3
1928-07-01,1928,7,Jul,277.5
1928-08-01,1928,8,Aug,192.4
1928-09-01,1928,9,Sep,209.7
1928-10-01,1928,10,Oct,119.0
1928-11-01,1928,11,Nov,66.7
1928-12-01,1928,12,Dec,51.8
1929-01-01,1929,1,Jan,37.8
1929-02-01,1929,2,Feb,56.7
1929-03-01,1929,3,Mar,165.7
1929-04-01,1929,4,Apr,148.2
1929-05-01,1929,5,May,245.2
1929-06-01,1929,6,Jun,197.5
1929-07-01,1929,7,Jul,238.4
1929-08-01,1929,8,Aug,184.5
1929-09-01,1929,9,Sep,192.0
1929-10-01,1929,10,Oct,118.8
1929-11-01,1929,11,Nov,65.0
1929-12-01,1929,12,Dec,66.8
1930-01-01,1930,1,Jan,55.6
1930-02-01,1930,2,Feb,60.7
1930-03-01,1930,3,Mar,129.9
1930-04-01,1930,4,Apr,118.3
1930-05-01,1930,5,May,166.2
1930-06-01,1930,6,Jun,231.6
1930-07-01,1930,7,Jul,172.8
1930-08-01,1930,8,Aug,220.5
1930-09-01,1930,9,Sep,124.7
1930-10-01,1930,10,Oct,137.4
1930-11-01,1930,11,Nov,72.7
1930-12-01,1930,12,Dec,32.3
1931-01-01,1931,1,Jan,60.7
1931-02-01,1931,2,Feb,55.9
1931-03-01,1931,3,Mar,169.4
1931-04-01,1931,4,Apr,119.7
1931-05-01,1931,5,May,173.7
1931-06-01,1931,6,Jun,191.3
1931-07-01,1931,7,Jul,156.7
1931-08-01,1931,8,Aug,158.0
1931-09-01,1931,9,Sep,113.0
1931-10-01,1931,10,Oct,123.3
1931-11-01,1931,11,Nov,57.9
1931-12-01,1931,12,Dec,39.8
1932-01-01,1932,1,Jan,51.1
1932-02-01,1932,2,Feb,64.6
1932-03-01,1932,3,Mar,134.4
1932-04-01,1932,4,Apr,126.0
1932-05-01,1932,5,May,116.1
1932-06-01,1932,6,Jun,194.1
1932-07-01,1932,7,Jul,144.0
1932-08-01,1932,8,Aug,185.4
1932-09-01,1932,9,Sep,116.0
1932-10-01,1932,10,Oct,85.6
1932-11-01,1932,11,Nov,43.0
1932-12-01,1932,12,Dec,53.8
1933-01-01,1933,1,Jan,63.5
1933-02-01,1933,2,Feb,87.5
1933-03-01,1933,3,Mar,185.0
1933-04-01,1933,4,Apr,154.0
1933-05-01,1933,5,May,167.3
1933-06-01,1933,6,Jun,235.4
1933-07-01,1933,7,Jul,238.4
1933-08-01,1933,8,Aug,243.7
1933-09-01,1933,9,Sep,180.4
1933-10-01,1933,10,Oct,97.5
1933-11-01,1933,11,Nov,44.5
1933-12-01,1933,12,Dec,42.1
1934-01-01,1934,1,Jan,56.7
1934-02-01,1934,2,Feb,99.7
1934-03-01,1934,3,Mar,118.6
1934-04-01,1934,4,Apr,122.8
1934-05-01,1934,5,May,207.2
1934-06-01,1934,6,Jun,195.9
1934-07-01,1934,7,Jul,268.4
1934-08-01,1934,8,Aug,186.6
1934-09-01,1934,9,Sep,185.0
1934-10-01,1934,10,Oct,94.0
1934-11-01,1934,11,Nov,43.0
1934-12-01,1934,12,Dec,21.9
1935-01-01,1935,1,Jan,49.9
1935-02-01,1935,2,Feb,54.8
1935-03-01,1935,3,Mar,126.0
1935-04-01,1935,4,Apr,134.1
1935-05-01,1935,5,May,230.0
1935-06-01,1935,6,Jun,218.6
1935-07-01,1935,7,Jul,285.6
1935-08-01,1935,8,Aug,211.2
1935-09-01,1935,9,Sep,154.0
1935-10-01,1935,10,Oct,112.3
1935-11-01,1935,11,Nov,57.9
1935-12-01,1935,12,Dec,39.0
1936-01-01,1936,1,Jan,44.3
1936-02-01,1936,2,Feb,78.2
1936-03-01,1936,3,Mar,84.5
1936-04-01,1936,4,Apr,150.4
1936-05-01,1936,5,May,182.1
1936-06-01,1936,6,Jun,203.5
1936-07-01,1936,7,Jul,157.4
1936-08-01,1936,8,Aug,178.2
1936-09-01,1936,9,Sep,113.3
1936-10-01,1936,10,Oct,108.4
1936-11-01,1936,11,Nov,50.4
1936-12-01,1936,12,Dec,60.4
1937-01-01,1937,1,Jan,50.7
1937-02-01,1937,2,Feb,67.3
1937-03-01,1937,3,Mar,107.0
1937-04-01,1937,4,Apr,82.8
1937-05-01,1937,5,May,172.0
1937-06-01,1937,6,Jun,189.5
1937-07-01,1937,7,Jul,122.4
1937-08-01,1937,8,Aug,179.1
1937-09-01,1937,9,Sep,151.2
1937-10-01,1937,10,Oct,85.7
1937-11-01,1937,11,Nov,60.5
1937-12-01,1937,12,Dec,28.5
1938-01-01,1938,1,Jan,45.5
1938-02-01,1938,2,Feb,74.6
1938-03-01,1938,3,Mar,170.0
1938-04-01,1938,4,Apr,158.0
1938-05-01,1938,5,May,169.2
1938-06-01,1938,6,Jun,204.3
1938-07-01,1938,7,Jul,170.6
1938-08-01,1938,8,Aug,164.6
1938-09-01,1938,9,Sep,120.6
1938-10-01,1938,10,Oct,124.9
1938-11-01,1938,11,Nov,70.9
1938-12-01,1938,12,Dec,46.7
1939-01-01,1939,1,Jan,48.1
1939-02-01,1939,2,Feb,104.5
1939-03-01,1939,3,Mar,93.7
1939-04-01,1939,4,Apr,170.2
1939-05-01,1939,5,May,195.3
1939-06-01,1939,6,Jun,214.5
1939-07-01,1939,7,Jul,168.6
1939-08-01,1939,8,Aug,170.3
1939-09-01,1939,9,Sep,143.0
1939-10-01,1939,10,Oct,89.2
1939-11-01,1939,11,Nov,40.5
1939-12-01,1939,12,Dec,39.2
1940-01-01,1940,1,Jan,72.2
1940-02-01,1940,2,Feb,27.7
1940-03-01,1940,3,Mar,122.3
1940-04-01,1940,4,Apr,124.4
1940-05-01,1940,5,May,245.2
1940-06-01,1940,6,Jun,263.4
1940-07-01,1940,7,Jul,191.5
1940-08-01,1940,8,Aug,181.8
1940-09-01,1940,9,Sep,167.9
1940-10-01,1940,10,Oct,104.0
1940-11-01,1940,11,Nov,78.2
1940-12-01,1940,12,Dec,36.4
1941-01-01,1941,1,Jan,30.8
1941-02-01,1941,2,Feb,56.5
1941-03-01,1941,3,Mar,114.9
1941-04-01,1941,4,Apr,107.8
1941-05-01,1941,5,May,157.6
1941-06-01,1941,6,Jun,214.2
1941-07-01,1941,7,Jul,235.9
1941-08-01,1941,8,Aug,164.3
1941-09-01,1941,9,Sep,110.2
1941-10-01,1941,10,Oct,107.8
1941-11-01,1941,11,Nov,40.9
1941-12-01,1941,12,Dec,36.6
1942-01-01,1942,1,Jan,30.1
1942-02-01,1942,2,Feb,38.1
1942-03-01,1942,3,Mar,90.1
1942-04-01,1942,4,Apr,237.9
1942-05-01,1942,5,May,206.4
1942-06-01,1942,6,Jun,234.6
1942-07-01,1942,7,Jul,183.6
1942-08-01,1942,8,Aug,154.7
1942-09-01,1942,9,Sep,133.8
1942-10-01,1942,10,Oct,91.9
1942-11-01,1942,11,Nov,47.4
1942-12-01,1942,12,Dec,45.4
1943-01-01,1943,1,Jan,53.9
1943-02-01,1943,2,Feb,84.9
1943-03-01,1943,3,Mar,139.4
1943-04-01,1943,4,Apr,163.8
1943-05-01,1943,5,May,266.8
1943-06-01,1943,6,Jun,205.0
1943-07-01,1943,7,Jul,217.3
1943-08-01,1943,8,Aug,174.7
1943-09-01,1943,9,Sep,151.0
1943-10-01,1943,10,Oct,98.0
1943-11-01,1943,11,Nov,76.5
1943-12-01,1943,12,Dec,50.5
1944-01-01,1944,1,Jan,50.7
1944-02-01,1944,2,Feb,56.8
1944-03-01,1944,3,Mar,119.2
1944-04-01,1944,4,Apr,149.7
1944-05-01,1944,5,May,238.1
1944-06-01,1944,6,Jun,167.4
1944-07-01,1944,7,Jul,146.4
1944-08-01,1944,8,Aug,206.6
1944-09-01,1944,9,Sep,151.6
1944-10-01,1944,10,Oct,102.8
1944-11-01,1944,11,Nov,58.1
1944-12-01,1944,12,Dec,47.5
1945-01-01,1945,1,Jan,37.7
1945-02-01,1945,2,Feb,68.6
1945-03-01,1945,3,Mar,138.6
1945-04-01,1945,4,Apr,171.6
1945-05-01,1945,5,May,187.7
1945-06-01,1945,6,Jun,207.1
1945-07-01,1945,7,Jul,200.0
1945-08-01,1945,8,Aug,151.2
1945-09-01,1945,9,Sep,87.9
1945-10-01,1945,10,Oct,103.8
1945-11-01,1945,11,Nov,38.6
1945-12-01,1945,12,Dec,43.3
1946-01-01,1946,1,Jan,56.3
1946-02-01,1946,2,Feb,71.7
1946-03-01,1946,3,Mar,101.2
1946-04-01,1946,4,Apr,209.6
1946-05-01,1946,5,May,202.2
1946-06-01,1946,6,Jun,179.2
1946-07-01,1946,7,Jul,220.7
1946-08-01,1946,8,Aug,156.8
1946-09-01,1946,9,Sep,123.7
1946-10-01,1946,10,Oct,87.6
1946-11-01,1946,11,Nov,48.4
1946-12-01,1946,12,Dec,63.3
1947-01-01,1947,1,Jan,68.0
1947-02-01,1947,2,Feb,26.7
1947-03-01,1947,3,Mar,70.6
1947-04-01,1947,4,Apr,169.8
1947-05-01,1947,5,May,219.5
1947-06-01,1947,6,Jun,216.5
1947-07-01,1947,7,Jul,191.5
1947-08-01,1947,8,Aug,286.0
1947-09-01,1947,9,Sep,171.9
1947-10-01,1947,10,Oct,115.3
1947-11-01,1947,11,Nov,81.4
1947-12-01,1947,12,Dec,34.1
1948-01-01,1948,1,Jan,42.8
1948-02-01,1948,2,Feb,71.9
1948-03-01,1948,3,Mar,166.6
1948-04-01,1948,4,Apr,217.1
1948-05-01,1948,5,May,236.3
1948-06-01,1948,6,Jun,173.3
1948-07-01,1948,7,Jul,183.7
1948-08-01,1948,8,Aug,143.1
1948-09-01,1948,9,Sep,147.8
1948-10-01,1948,10,Oct,97.8
1948-11-01,1948,11,Nov,67.4
1948-12-01,1948,12,Dec,55.0
1949-01-01,1949,1,Jan,61.6
1949-02-01,1949,2,Feb,123.5
1949-03-01,1949,3,Mar,105.7
1949-04-01,1949,4,Apr,195.5
1949-05-01,1949,5,May,205.2
1949-06-01,1949,6,Jun,236.0
1949-07-01,1949,7,Jul,226.6
1949-08-01,1949,8,Aug,223.2
1949-09-01,1949,9,Sep,163.0
1949-10-01,1949,10,Oct,123.1
1949-11-01,1949,11,Nov,68.9
1949-12-01,1949,12,Dec,53.7
1950-01-01,1950,1,Jan,39.1
1950-02-01,1950,2,Feb,73.8
1950-03-01,1950,3,Mar,127.6
1950-04-01,1950,4,Apr,162.4
1950-05-01,1950,5,May,161.3
1950-06-01,1950,6,Jun,271.2
1950-07-01,1950,7,Jul,199.6
1950-08-01,1950,8,Aug,184.0
1950-09-01,1950,9,Sep,122.0
1950-10-01,1950,10,Oct,114.6
1950-11-01,1950,11,Nov,51.5
1950-12-01,1950,12,Dec,34.9
1951-01-01,1951,1,Jan,50.3
1951-02-01,1951,2,Feb,59.7
1951-03-01,1951,3,Mar,102.3
1951-04-01,1951,4,Apr,184.7
1951-05-01,1951,5,May,167.8
1951-06-01,1951,6,Jun,249.4
1951-07-01,1951,7,Jul,213.1
1951-08-01,1951,8,Aug,169.5
1951-09-01,1951,9,Sep,129.9
1951-10-01,1951,10,Oct,121.0
1951-11-01,1951,11,Nov,56.9
1951-12-01,1951,12,Dec,61.6
1952-01-01,1952,1,Jan,76.9
1952-02-01,1952,2,Feb,73.7
1952-03-01,1952,3,Mar,89.7
1952-04-01,1952,4,Apr,177.3
1952-05-01,1952,5,May,227.2
1952-06-01,1952,6,Jun,204.6
1952-07-01,1952,7,Jul,197.3
1952-08-01,1952,8,Aug,186.8
1952-09-01,1952,9,Sep,132.5
1952-10-01,1952,10,Oct,116.0
1952-11-01,1952,11,Nov,67.5
1952-12-01,1952,12,Dec,59.7
1953-01-01,1953,1,Jan,32.3
1953-02-01,1953,2,Feb,64.5
1953-03-01,1953,3,Mar,126.8
1953-04-01,1953,4,Apr,162.3
1953-05-01,1953,5,May,223.5
1953-06-01,1953,6,Jun,131.5
1953-07-01,1953,7,Jul,191.9
1953-08-01,1953,8,Aug,215.7
1953-09-01,1953,9,Sep,171.7
1953-10-01,1953,10,Oct,74.9
1953-11-01,1953,11,Nov,51.8
1953-12-01,1953,12,Dec,33.0
1954-01-01,1954,1,Jan,61.1
1954-02-01,1954,2,Feb,55.2
1954-03-01,1954,3,Mar,95.4
1954-04-01,1954,4,Apr,165.9
1954-05-01,1954,5,May,159.2
1954-06-01,1954,6,Jun,148.8
1954-07-01,1954,7,Jul,137.1
1954-08-01,1954,8,Aug,132.0
1954-09-01,1954,9,Sep,164.4
1954-10-01,1954,10,Oct,104.5
1954-11-01,1954,11,Nov,59.8
1954-12-01,1954,12,Dec,59.3
1955-01-01,1955,1,Jan,35.4
1955-02-01,1955,2,Feb,79.3
1955-03-01,1955,3,Mar,155.5
1955-04-01,1955,4,Apr,165.9
1955-05-01,1955,5,May,190.1
1955-06-01,1955,6,Jun,173.1
1955-07-01,1955,7,Jul,239.2
1955-08-01,1955,8,Aug,190.6
1955-09-01,1955,9,Sep,160.1
1955-10-01,1955,10,Oct,124.2
1955-11-01,1955,11,Nov,50.3
1955-12-01,1955,12,Dec,55.9
1956-01-01,1956,1,Jan,59.6
1956-02-01,1956,2,Feb,66.3
1956-03-01,1956,3,Mar,144.5
1956-04-01,1956,4,Apr,167.1
1956-05-01,1956,5,May,241.2
1956-06-01,1956,6,Jun,136.0
1956-07-01,1956,7,Jul,159.6
1956-08-01,1956,8,Aug,156.2
1956-09-01,1956,9,Sep,116.1
1956-10-01,1956,10,Oct,112.6
1956-11-01,1956,11,Nov,63.0
1956-12-01,1956,12,Dec,16.2
1957-01-01,1957,1,Jan,58.9
1957-02-01,1957,2,Feb,80.0
1957-03-01,1957,3,Mar,106.6
1957-04-01,1957,4,Apr,161.0
1957-05-01,1957,5,May,203.6
1957-06-01,1957,6,Jun,277.5
1957-07-01,1957,7,Jul,155.0
1957-08-01,1957,8,Aug,157.9
1957-09-01,1957,9,Sep,107.0
1957-10-01,1957,10,Oct,94.3
1957-11-01,1957,11,Nov,70.5
1957-12-01,1957,12,Dec,54.0
1958-01-01,1958,1,Jan,47.2
1958-02-01,1958,2,Feb,58.3
1958-03-01,1958,3,Mar,129.4
1958-04-01,1958,4,Apr,154.4
1958-05-01,1958,5,May,193.0
1958-06-01,1958,6,Jun,140.2
1958-07-01,1958,7,Jul,184.4
1958-08-01,1958,8,Aug,134.0
1958-09-01,1958,9,Sep,150.6
1958-10-01,1958,10,Oct,98.3
1958-11-01,1958,11,Nov,44.6
1958-12-01,1958,12,Dec,37.3
1959-01-01,1959,1,Jan,77.7
1959-02-01,1959,2,Feb,65.5
1959-03-01,1959,3,Mar,106.3
1959-04-01,1959,4,Apr,156.0
1959-05-01,1959,5,May,228.5
1959-06-01,1959,6,Jun,248.6
1959-07-01,1959,7,Jul,271.7
1959-08-01,1959,8,Aug,219.4
1959-09-01,1959,9,Sep,191.2
1959-10-01,1959,10,Oct,162.9
1959-11-01,1959,11,Nov,60.8
1959-12-01,1959,12,Dec,34.3
1960-01-01,1960,1,Jan,37.8
1960-02-01,1960,2,Feb,74.6
1960-03-01,1960,3,Mar,66.7
1960-04-01,1960,4,Apr,161.0
1960-05-01,1960,5,May,189.4
1960-06-01,1960,6,Jun,258.9
1960-07-01,1960,7,Jul,153.7
1960-08-01,1960,8,Aug,169.4
1960-09-01,1960,9,Sep,126.0
1960-10-01,1960,10,Oct,80.2
1960-11-01,1960,11,Nov,66.5
1960-12-01,1960,12,Dec,43.4
1961-01-01,1961,1,Jan,47.3
1961-02-01,1961,2,Feb,68.4
1961-03-01,1961,3,Mar,164.5
1961-04-01,1961,4,Apr,114.7
1961-05-01,1961,5,May,218.4
1961-06-01,1961,6,Jun,232.0
1961-07-01,1961,7,Jul,172.4
1961-08-01,1961,8,Aug,181.6
1961-09-01,1961,9,Sep,130.2
1961-10-01,1961,10,Oct,131.2
1961-11-01,1961,11,Nov,67.8
1961-12-01,1961,12,Dec,69.0
1962-01-01,1962,1,Jan,72.4
1962-02-01,1962,2,Feb,69.2
1962-03-01,1962,3,Mar,108.4
1962-04-01,1962,4,Apr,138.1
1962-05-01,1962,5,May,156.4
1962-06-01,1962,6,Jun,259.8
1962-07-01,1962,7,Jul,135.6
1962-08-01,1962,8,Aug,169.6
1962-09-01,1962,9,Sep,131.4
1962-10-01,1962,10,Oct,111.0
1962-11-01,1962,11,Nov,38.0
1962-12-01,1962,12,Dec,80.7
1963-01-01,1963,1,Jan,61.5
1963-02-01,1963,2,Feb,70.3
1963-03-01,1963,3,Mar,104.2
1963-04-01,1963,4,Apr,132.9
1963-05-01,1963,5,May,195.7
1963-06-01,1963,6,Jun,206.6
1963-07-01,1963,7,Jul,205.2
1963-08-01,1963,8,Aug,124.1
1963-09-01,1963,9,Sep,132.9
1963-10-01,1963,10,Oct,90.9
1963-11-01,1963,11,Nov,61.0
1963-12-01,1963,12,Dec,48.9
1964-01-01,1964,1,Jan,46.5
1964-02-01,1964,2,Feb,66.1
1964-03-01,1964,3,Mar,57.2
1964-04-01,1964,4,Apr,123.5
1964-05-01,1964,5,May,220.8
1964-06-01,1964,6,Jun,163.1
1964-07-01,1964,7,Jul,207.7
1964-08-01,1964,8,Aug,206.4
1964-09-01,1964,9,Sep,201.5
1964-10-01,1964,10,Oct,121.6
1964-11-01,1964,11,Nov,65.6
1964-12-01,1964,12,Dec,41.8
1965-01-01,1965,1,Jan,74.2
1965-02-01,1965,2,Feb,34.0
1965-03-01,1965,3,Mar,125.6
1965-04-01,1965,4,Apr,125.5
1965-05-01,1965,5,May,175.4
1965-06-01,1965,6,Jun,177.5
1965-07-01,1965,7,Jul,110.2
1965-08-01,1965,8,Aug,184.4
1965-09-01,1965,9,Sep,128.5
1965-10-01,1965,10,Oct,132.0
1965-11-01,1965,11,Nov,84.2
1965-12-01,1965,12,Dec,51.8
1966-01-01,1966,1,Jan,31.8
1966-02-01,1966,2,Feb,39.8
1966-03-01,1966,3,Mar,117.0
1966-04-01,1966,4,Apr,92.6
1966-05-01,1966,5,May,208.5
1966-06-01,1966,6,Jun,188.6
1966-07-01,1966,7,Jul,158.5
1966-08-01,1966,8,Aug,197.8
1966-09-01,1966,9,Sep,157.7
1966-10-01,1966,10,Oct,78.4
1966-11-01,1966,11,Nov,50.9
1966-12-01,1966,12,Dec,36.5
1967-01-01,1967,1,Jan,64.3
1967-02-01,1967,2,Feb,81.5
1967-03-01,1967,3,Mar,171.3
1967-04-01,1967,4,Apr,137.5
1967-05-01,1967,5,May,180.1
1967-06-01,1967,6,Jun,201.2
1967-07-01,1967,7,Jul,222.1
1967-08-01,1967,8,Aug,168.8
1967-09-01,1967,9,Sep,115.3
1967-10-01,1967,10,Oct,104.0
1967-11-01,1967,11,Nov,64.3
1967-12-01,1967,12,Dec,64.1
1968-01-01,1968,1,Jan,40.0
1968-02-01,1968,2,Feb,45.5
1968-03-01,1968,3,Mar,126.6
1968-04-01,1968,4,Apr,183.6
1968-05-01,1968,5,May,156.4
1968-06-01,1968,6,Jun,176.1
1968-07-01,1968,7,Jul,142.1
1968-08-01,1968,8,Aug,119.6
1968-09-01,1968,9,Sep,130.8
1968-10-01,1968,10,Oct,68.5
1968-11-01,1968,11,Nov,34.9
1968-12-01,1968,12,Dec,26.6
1969-01-01,1969,1,Jan,34.3
1969-02-01,1969,2,Feb,69.6
1969-03-01,1969,3,Mar,70.9
1969-04-01,1969,4,Apr,188.3
1969-05-01,1969,5,May,175.4
1969-06-01,1969,6,Jun,261.6
1969-07-01,1969,7,Jul,210.8
1969-08-01,1969,8,Aug,138.8
1969-09-01,1969,9,Sep,124.0
1969-10-01,1969,10,Oct,108.4
1969-11-01,1969,11,Nov,66.5
1969-12-01,1969,12,Dec,15.8
1970-01-01,1970,1,Jan,24.8
1970-02-01,1970,2,Feb,101.7
1970-03-01,1970,3,Mar,98.1
1970-04-01,1970,4,Apr,123.1
1970-05-01,1970,5,May,202.3
1970-06-01,1970,6,Jun,266.6
1970-07-01,1970,7,Jul,169.6
1970-08-01,1970,8,Aug,186.1
1970-09-01,1970,9,Sep,157.9
1970-10-01,1970,10,Oct,107.4
1970-11-01,1970,11,Nov,61.5
1970-12-01,1970,12,Dec,40.1
1971-01-01,1971,1,Jan,37.4
1971-02-01,1971,2,Feb,70.4
1971-03-01,1971,3,Mar,96.8
1971-04-01,1971,4,Apr,114.5
1971-05-01,1971,5,May,227.6
1971-06-01,1971,6,Jun,141.1
1971-07-01,1971,7,Jul,227.1
1971-08-01,1971,8,Aug,143.0
1971-09-01,1971,9,Sep,170.8
1971-10-01,1971,10,Oct,140.3
1971-11-01,1971,11,Nov,86.8
1971-12-01,1971,12,Dec,32.1
1972-01-01,1972,1,Jan,38.5
1972-02-01,1972,2,Feb,41.8
1972-03-01,1972,3,Mar,148.3
1972-04-01,1972,4,Apr,132.5
1972-05-01,1972,5,May,181.4
1972-06-01,1972,6,Jun,171.7
1972-07-01,1972,7,Jul,154.3
1972-08-01,1972,8,Aug,184.4
1972-09-01,1972,9,Sep,113.0
1972-10-01,1972,10,Oct,97.3
1972-11-01,1972,11,Nov,77.4
1972-12-01,1972,12,Dec,49.4
1973-01-01,1973,1,Jan,37.7
1973-02-01,1973,2,Feb,75.6
1973-03-01,1973,3,Mar,130.6
1973-04-01,1973,4,Apr,144.5
1973-05-01,1973,5,May,184.6
1973-06-01,1973,6,Jun,268.9
1973-07-01,1973,7,Jul,159.8
1973-08-01,1973,8,Aug,193.7
1973-09-01,1973,9,Sep,167.8
1973-10-01,1973,10,Oct,101.1
1973-11-01,1973,11,Nov,96.1
1973-12-01,1973,12,Dec,57.5
1974-01-01,1974,1,Jan,55.5
1974-02-01,1974,2,Feb,63.8
1974-03-01,1974,3,Mar,98.1
1974-04-01,1974,4,Apr,150.5
1974-05-01,1974,5,May,204.5
1974-06-01,1974,6,Jun,195.5
1974-07-01,1974,7,Jul,176.0
1974-08-01,1974,8,Aug,193.7
1974-09-01,1974,9,Sep,155.5
1974-10-01,1974,10,Oct,85.4
1974-11-01,1974,11,Nov,48.5
1974-12-01,1974,12,Dec,48.8
1975-01-01,1975,1,Jan,37.5
1975-02-01,1975,2,Feb,68.8
1975-03-01,1975,3,Mar,63.5
1975-04-01,1975,4,Apr,120.3
1975-05-01,1975,5,May,169.8
1975-06-01,1975,6,Jun,269.1
1975-07-01,1975,7,Jul,219.6
1975-08-01,1975,8,Aug,241.0
1975-09-01,1975,9,Sep,155.6
1975-10-01,1975,10,Oct,114.1
1975-11-01,1975,11,Nov,69.2
1975-12-01,1975,12,Dec,40.5
1976-01-01,1976,1,Jan,56.3
1976-02-01,1976,2,Feb,49.2
1976-03-01,1976,3,Mar,114.5
1976-04-01,1976,4,Apr,169.9
1976-05-01,1976,5,May,193.5
1976-06-01,1976,6,Jun,283.2
1976-07-01,1976,7,Jul,280.4
1976-08-01,1976,8,Aug,255.1
1976-09-01,1976,9,Sep,123.4
1976-10-01,1976,10,Oct,57.3
1976-11-01,1976,11,Nov,63.2
1976-12-01,1976,12,Dec,61.2
1977-01-01,1977,1,Jan,45.9
1977-02-01,1977,2,Feb,68.1
1977-03-01,1977,3,Mar,104.0
1977-04-01,1977,4,Apr,158.1
1977-05-01,1977,5,May,220.8
1977-06-01,1977,6,Jun,130.9
1977-07-01,1977,7,Jul,191.0
1977-08-01,1977,8,Aug,141.4
1977-09-01,1977,9,Sep,125.7
1977-10-01,1977,10,Oct,126.1
1977-11-01,1977,11,Nov,88.3
1977-12-01,1977,12,Dec,51.6
1978-01-01,1978,1,Jan,39.6
1978-02-01,1978,2,Feb,55.3
1978-03-01,1978,3,Mar,118.5
1978-04-01,1978,4,Apr,113.2
1978-05-01,1978,5,May,188.3
1978-06-01,1978,6,Jun,165.6
1978-07-01,1978,7,Jul,132.7
1978-08-01,1978,8,Aug,152.6
1978-09-01,1978,9,Sep,159.8
1978-10-01,1978,10,Oct,95.6
1978-11-01,1978,11,Nov,82.7
1978-12-01,1978,12,Dec,35.5
1979-01-01,1979,1,Jan,54.0
1979-02-01,1979,2,Feb,47.4
1979-03-01,1979,3,Mar,94.6
1979-04-01,1979,4,Apr,122.7
1979-05-01,1979,5,May,200.2
1979-06-01,1979,6,Jun,174.6
1979-07-01,1979,7,Jul,181.8
1979-08-01,1979,8,Aug,171.8
1979-09-01,1979,9,Sep,183.6
1979-10-01,1979,10,Oct,116.0
1979-11-01,1979,11,Nov,68.3
1979-12-01,1979,12,Dec,59.5
1980-01-01,1980,1,Jan,68.7
1980-02-01,1980,2,Feb,54.3
1980-03-01,1980,3,Mar,80.9
1980-04-01,1980,4,Apr,165.5
1980-05-01,1980,5,May,235.7
1980-06-01,1980,6,Jun,188.7
1980-07-01,1980,7,Jul,160.0
1980-08-01,1980,8,Aug,150.0
1980-09-01,1980,9,Sep,150.3
1980-10-01,1980,10,Oct,129.6
1980-11-01,1980,11,Nov,56.3
1980-12-01,1980,12,Dec,52.3
1981-01-01,1981,1,Jan,52.5
1981-02-01,1981,2,Feb,66.5
1981-03-01,1981,3,Mar,55.1
1981-04-01,1981,4,Apr,129.1
1981-05-01,1981,5,May,144.0
1981-06-01,1981,6,Jun,160.2
1981-07-01,1981,7,Jul,157.9
1981-08-01,1981,8,Aug,190.8
1981-09-01,1981,9,Sep,165.6
1981-10-01,1981,10,Oct,128.1
1981-11-01,1981,11,Nov,57.7
1981-12-01,1981,12,Dec,42.0
1982-01-01,1982,1,Jan,64.4
1982-02-01,1982,2,Feb,55.6
1982-03-01,1982,3,Mar,160.3
1982-04-01,1982,4,Apr,166.3
1982-05-01,1982,5,May,238.1
1982-06-01,1982,6,Jun,153.2
1982-07-01,1982,7,Jul,181.6
1982-08-01,1982,8,Aug,178.4
1982-09-01,1982,9,Sep,159.7
1982-10-01,1982,10,Oct,73.4
1982-11-01,1982,11,Nov,62.9
1982-12-01,1982,12,Dec,52.3
1983-01-01,1983,1,Jan,56.0
1983-02-01,1983,2,Feb,87.5
1983-03-01,1983,3,Mar,90.5
1983-04-01,1983,4,Apr,140.1
1983-05-01,1983,5,May,137.4
1983-06-01,1983,6,Jun,181.6
1983-07-01,1983,7,Jul,239.9
1983-08-01,1983,8,Aug,208.6
1983-09-01,1983,9,Sep,112.5
1983-10-01,1983,10,Oct,124.7
1983-11-01,1983,11,Nov,41.6
1983-12-01,1983,12,Dec,55.7
1984-01-01,1984,1,Jan,83.8
1984-02-01,1984,2,Feb,69.9
1984-03-01,1984,3,Mar,47.7
1984-04-01,1984,4,Apr,224.0
1984-05-01,1984,5,May,128.5
1984-06-01,1984,6,Jun,201.5
1984-07-01,1984,7,Jul,205.5
1984-08-01,1984,8,Aug,205.6
1984-09-01,1984,9,Sep,97.8
1984-10-01,1984,10,Oct,109.1
1984-11-01,1984,11,Nov,54.7
1984-12-01,1984,12,Dec,64.5
1985-01-01,1985,1,Jan,45.8
1985-02-01,1985,2,Feb,80.0
1985-03-01,1985,3,Mar,97.4
1985-04-01,1985,4,Apr,136.1
1985-05-01,1985,5,May,144.2
1985-06-01,1985,6,Jun,160.0
1985-07-01,1985,7,Jul,218.5
1985-08-01,1985,8,Aug,180.4
1985-09-01,1985,9,Sep,133.8
1985-10-01,1985,10,Oct,118.1
1985-11-01,1985,11,Nov,91.3
1985-12-01,1985,12,Dec,33.4
1986-01-01,1986,1,Jan,70.8
1986-02-01,1986,2,Feb,66.6
1986-03-01,1986,3,Mar,125.4
1986-04-01,1986,4,Apr,132.8
1986-05-01,1986,5,May,204.7
1986-06-01,1986,6,Jun,229.0
1986-07-01,1986,7,Jul,185.7
1986-08-01,1986,8,Aug,147.3
1986-09-01,1986,9,Sep,170.3
1986-10-01,1986,10,Oct,120.1
1986-11-01,1986,11,Nov,69.1
1986-12-01,1986,12,Dec,60.7
1987-01-01,1987,1,Jan,44.3
1987-02-01,1987,2,Feb,64.4
1987-03-01,1987,3,Mar,94.8
1987-04-01,1987,4,Apr,151.6
1987-05-01,1987,5,May,182.6
1987-06-01,1987,6,Jun,116.7
1987-07-01,1987,7,Jul,164.3
1987-08-01,1987,8,Aug,146.5
1987-09-01,1987,9,Sep,155.1
1987-10-01,1987,10,Oct,121.0
1987-11-01,1987,11,Nov,46.4
1987-12-01,1987,12,Dec,28.8
1988-01-01,1988,1,Jan,54.0
1988-02-01,1988,2,Feb,117.1
1988-03-01,1988,3,Mar,90.6
1988-04-01,1988,4,Apr,131.1
1988-05-01,1988,5,May,189.7
1988-06-01,1988,6,Jun,148.0
1988-07-01,1988,7,Jul,159.2
1988-08-01,1988,8,Aug,201.9
1988-09-01,1988,9,Sep,137.4
1988-10-01,1988,10,Oct,104.1
1988-11-01,1988,11,Nov,87.4
1988-12-01,1988,12,Dec,48.1
1989-01-01,1989,1,Jan,69.2
1989-02-01,1989,2,Feb,97.5
1989-03-01,1989,3,Mar,103.2
1989-04-01,1989,4,Apr,122.3
1989-05-01,1989,5,May,298.7
1989-06-01,1989,6,Jun,249.8
1989-07-01,1989,7,Jul,261.4
1989-08-01,1989,8,Aug,251.2
1989-09-01,1989,9,Sep,127.7
1989-10-01,1989,10,Oct,97.3
1989-11-01,1989,11,Nov,102.6
1989-12-01,1989,12,Dec,26.9
1990-01-01,1990,1,Jan,63.1
1990-02-01,1990,2,Feb,96.6
1990-03-01,1990,3,Mar,151.5
1990-04-01,1990,4,Apr,232.4
1990-05-01,1990,5,May,260.0
1990-06-01,1990,6,Jun,138.6
1990-07-01,1990,7,Jul,258.9
1990-08-01,1990,8,Aug,254.6
1990-09-01,1990,9,Sep,136.4
1990-10-01,1990,10,Oct,126.7
1990-11-01,1990,11,Nov,56.7
1990-12-01,1990,12,Dec,45.4
1991-01-01,1991,1,Jan,75.5
1991-02-01,1991,2,Feb,46.4
1991-03-01,1991,3,Mar,101.0
1991-04-01,1991,4,Apr,161.6
1991-05-01,1991,5,May,138.9
1991-06-01,1991,6,Jun,133.1
1991-07-01,1991,7,Jul,212.7
1991-08-01,1991,8,Aug,234.8
1991-09-01,1991,9,Sep,184.6
1991-10-01,1991,10,Oct,88.7
1991-11-01,1991,11,Nov,52.1
1991-12-01,1991,12,Dec,51.6
1992-01-01,1992,1,Jan,53.5
1992-02-01,1992,2,Feb,67.6
1992-03-01,1992,3,Mar,73.3
1992-04-01,1992,4,Apr,125.4
1992-05-01,1992,5,May,265.1
1992-06-01,1992,6,Jun,219.8
1992-07-01,1992,7,Jul,166.1
1992-08-01,1992,8,Aug,170.7
1992-09-01,1992,9,Sep,134.6
1992-10-01,1992,10,Oct,106.7
1992-11-01,1992,11,Nov,65.3
1992-12-01,1992,12,Dec,49.7
1993-01-01,1993,1,Jan,43.5
1993-02-01,1993,2,Feb,38.4
1993-03-01,1993,3,Mar,129.1
1993-04-01,1993,4,Apr,123.3
1993-05-01,1993,5,May,208.4
1993-06-01,1993,6,Jun,211.3
1993-07-01,1993,7,Jul,188.2
1993-08-01,1993,8,Aug,207.4
1993-09-01,1993,9,Sep,102.7
1993-10-01,1993,10,Oct,117.1
1993-11-01,1993,11,Nov,63.5
1993-12-01,1993,12,Dec,43.7
1994-01-01,1994,1,Jan,71.2
1994-02-01,1994,2,Feb,78.3
1994-03-01,1994,3,Mar,128.7
1994-04-01,1994,4,Apr,169.8
1994-05-01,1994,5,May,152.1
1994-06-01,1994,6,Jun,234.1
1994-07-01,1994,7,Jul,251.9
1994-08-01,1994,8,Aug,189.6
1994-09-01,1994,9,Sep,113.3
1994-10-01,1994,10,Oct,116.8
1994-11-01,1994,11,Nov,47.1
1994-12-01,1994,12,Dec,65.8
1995-01-01,1995,1,Jan,56.7
1995-02-01,1995,2,Feb,85.1
1995-03-01,1995,3,Mar,185.8
1995-04-01,1995,4,Apr,172.8
1995-05-01,1995,5,May,222.2
1995-06-01,1995,6,Jun,176.7
1995-07-01,1995,7,Jul,266.6
1995-08-01,1995,8,Aug,272.2
1995-09-01,1995,9,Sep,137.3
1995-10-01,1995,10,Oct,143.5
1995-11-01,1995,11,Nov,63.3
1995-12-01,1995,12,Dec,35.4
1996-01-01,1996,1,Jan,23.0
1996-02-01,1996,2,Feb,88.0
1996-03-01,1996,3,Mar,69.3
1996-04-01,1996,4,Apr,160.1
1996-05-01,1996,5,May,177.2
1996-06-01,1996,6,Jun,246.9
1996-07-01,1996,7,Jul,227.3
1996-08-01,1996,8,Aug,193.9
1996-09-01,1996,9,Sep,135.5
1996-10-01,1996,10,Oct,137.9
1996-11-01,1996,11,Nov,94.3
1996-12-01,1996,12,Dec,56.6
1997-01-01,1997,1,Jan,51.7
1997-02-01,1997,2,Feb,61.8
1997-03-01,1997,3,Mar,137.1
1997-04-01,1997,4,Apr,173.5
1997-05-01,1997,5,May,247.4
1997-06-01,1997,6,Jun,156.3
1997-07-01,1997,7,Jul,221.0
1997-08-01,1997,8,Aug,219.5
1997-09-01,1997,9,Sep,167.9
1997-10-01,1997,10,Oct,147.3
1997-11-01,1997,11,Nov,57.2
1997-12-01,1997,12,Dec,36.2
1998-01-01,1998,1,Jan,52.9
1998-02-01,1998,2,Feb,117.4
1998-03-01,1998,3,Mar,73.3
1998-04-01,1998,4,Apr,117.5
1998-05-01,1998,5,May,211.6
1998-06-01,1998,6,Jun,151.2
1998-07-01,1998,7,Jul,163.3
1998-08-01,1998,8,Aug,221.1
1998-09-01,1998,9,Sep,121.5
1998-10-01,1998,10,Oct,97.7
1998-11-01,1998,11,Nov,78.0
1998-12-01,1998,12,Dec,40.8
1999-01-01,1999,1,Jan,68.5
1999-02-01,1999,2,Feb,91.1
1999-03-01,1999,3,Mar,104.7
1999-04-01,1999,4,Apr,174.0
1999-05-01,1999,5,May,196.8
1999-06-01,1999,6,Jun,212.8
1999-07-01,1999,7,Jul,250.4
1999-08-01,1999,8,Aug,161.0
1999-09-01,1999,9,Sep,150.9
1999-10-01,1999,10,Oct,138.0
1999-11-01,1999,11,Nov,72.0
1999-12-01,1999,12,Dec,73.5
2000-01-01,2000,1,Jan,72.7
2000-02-01,2000,2,Feb,107.1
2000-03-01,2000,3,Mar,109.9
2000-04-01,2000,4,Apr,145.2
2000-05-01,2000,5,May,186.9
2000-06-01,2000,6,Jun,182.4
2000-07-01,2000,7,Jul,129.6
2000-08-01,2000,8,Aug,218.6
2000-09-01,2000,9,Sep,124.8
2000-10-01,2000,10,Oct,94.5
2000-11-01,2000,11,Nov,71.7
2000-12-01,2000,12,Dec,46.6
2001-01-01,2001,1,Jan,85.4
2001-02-01,2001,2,Feb,76.4
2001-03-01,2001,3,Mar,76.5
2001-04-01,2001,4,Apr,141.1
2001-05-01,2001,5,May,244.7
2001-06-01,2001,6,Jun,203.5
2001-07-01,2001,7,Jul,201.8
2001-08-01,2001,8,Aug,200.0
2001-09-01,2001,9,Sep,112.2
2001-10-01,2001,10,Oct,111.7
2001-11-01,2001,11,Nov,78.7
2001-12-01,2001,12,Dec,77.3
2002-01-01,2002,1,Jan,51.1
2002-02-01,2002,2,Feb,85.5
2002-03-01,2002,3,Mar,116.2
2002-04-01,2002,4,Apr,206.1
2002-05-01,2002,5,May,182.2
2002-06-01,2002,6,Jun,179.5
2002-07-01,2002,7,Jul,178.2
2002-08-01,2002,8,Aug,163.0
2002-09-01,2002,9,Sep,151.2
2002-10-01,2002,10,Oct,91.9
2002-11-01,2002,11,Nov,56.9
2002-12-01,2002,12,Dec,24.1
2003-01-01,2003,1,Jan,60.7
2003-02-01,2003,2,Feb,110.1
2003-03-01,2003,3,Mar,169.2
2003-04-01,2003,4,Apr,198.8
2003-05-01,2003,5,May,200.7
2003-06-01,2003,6,Jun,210.6
2003-07-01,2003,7,Jul,202.7
2003-08-01,2003,8,Aug,228.6
2003-09-01,2003,9,Sep,209.4
2003-10-01,2003,10,Oct,151.0
2003-11-01,2003,11,Nov,72.0
2003-12-01,2003,12,Dec,57.7
2004-01-01,2004,1,Jan,55.0
2004-02-01,2004,2,Feb,70.8
2004-03-01,2004,3,Mar,106.4
2004-04-01,2004,4,Apr,151.6
2004-05-01,2004,5,May,191.3
2004-06-01,2004,6,Jun,199.3
2004-07-01,2004,7,Jul,185.1
2004-08-01,2004,8,Aug,184.6
2004-09-01,2004,9,Sep,169.6
2004-10-01,2004,10,Oct,103.7
2004-11-01,2004,11,Nov,53.4
2004-12-01,2004,12,Dec,57.2
2005-01-01,2005,1,Jan,75.1
2005-02-01,2005,2,Feb,63.3
2005-03-01,2005,3,Mar,70.5
2005-04-01,2005,4,Apr,147.0
2005-05-01,2005,5,May,217.1
2005-06-01,2005,6,Jun,190.6
2005-07-01,2005,7,Jul,158.2
2005-08-01,2005,8,Aug,196.9
2005-09-01,2005,9,Sep,156.5
2005-10-01,2005,10,Oct,107.8
2005-11-01,2005,11,Nov,94.7
2005-12-01,2005,12,Dec,65.6
2006-01-01,2006,1,Jan,50.8
2006-02-01,2006,2,Feb,65.0
2006-03-01,2006,3,Mar,113.4
2006-04-01,2006,4,Apr,151.9
2006-05-01,2006,5,May,157.7
2006-06-01,2006,6,Jun,237.8
2006-07-01,2006,7,Jul,284.1
2006-08-01,2006,8,Aug,150.7
2006-09-01,2006,9,Sep,168.3
2006-10-01,2006,10,Oct,112.5
2006-11-01,2006,11,Nov,103.5
2006-12-01,2006,12,Dec,43.1
2007-01-01,2007,1,Jan,62.8
2007-02-01,2007,2,Feb,63.5
2007-03-01,2007,3,Mar,169.0
2007-04-01,2007,4,Apr,214.9
2007-05-01,2007,5,May,138.6
2007-06-01,2007,6,Jun,160.1
2007-07-01,2007,7,Jul,190.5
2007-08-01,2007,8,Aug,183.6
2007-09-01,2007,9,Sep,160.6
2007-10-01,2007,10,Oct,97.4
2007-11-01,2007,11,Nov,77.5
2007-12-01,2007,12,Dec,55.3
2008-01-01,2008,1,Jan,56.8
2008-02-01,2008,2,Feb,123.0
2008-03-01,2008,3,Mar,110.6
2008-04-01,2008,4,Apr,164.9
2008-05-01,2008,5,May,205.5
2008-06-01,2008,6,Jun,199.1
2008-07-01,2008,7,Jul,212.2
2008-08-01,2008,8,Aug,132.0
2008-09-01,2008,9,Sep,113.3
2008-10-01,2008,10,Oct,128.9
2008-11-01,2008,11,Nov,52.5
2008-12-01,2008,12,Dec,67.9
2009-01-01,2009,1,Jan,53.1
2009-02-01,2009,2,Feb,56.5
2009-03-01,2009,3,Mar,141.4
2009-04-01,2009,4,Apr,184.6
2009-05-01,2009,5,May,220.9
2009-06-01,2009,6,Jun,204.6
2009-07-01,2009,7,Jul,206.1
2009-08-01,2009,8,Aug,211.0
2009-09-01,2009,9,Sep,156.8
2009-10-01,2009,10,Oct,85.4
2009-11-01,2009,11,Nov,80.1
2009-12-01,2009,12,Dec,64.9
2010-01-01,2010,1,Jan,51.7
2010-02-01,2010,2,Feb,54.0
2010-03-01,2010,3,Mar,115.7
2010-04-01,2010,4,Apr,215.5
2010-05-01,2010,5,May,213.0
2010-06-01,2010,6,Jun,229.8
2010-07-01,2010,7,Jul,191.3
2010-08-01,2010,8,Aug,145.3
2010-09-01,2010,9,Sep,129.1
2010-10-01,2010,10,Oct,105.6
2010-11-01,2010,11,Nov,54.8
2010-12-01,2010,12,Dec,41.5
2011-01-01,2011,1,Jan,40.6
2011-02-01,2011,2,Feb,39.3
2011-03-01,2011,3,Mar,113.5
2011-04-01,2011,4,Apr,215.8
2011-05-01,2011,5,May,233.0
2011-06-01,2011,6,Jun,208.9
2011-07-01,2011,7,Jul,165.0
2011-08-01,2011,8,Aug,152.6
2011-09-01,2011,9,Sep,174.7
2011-10-01,2011,10,Oct,152.1
2011-11-01,2011,11,Nov,64.2
2011-12-01,2011,12,Dec,66.7
2012-01-01,2012,1,Jan,72.1
2012-02-01,2012,2,Feb,83.6
2012-03-01,2012,3,Mar,155.6
2012-04-01,2012,4,Apr,136.8
2012-05-01,2012,5,May,170.1
2012-06-01,2012,6,Jun,146.4
2012-07-01,2012,7,Jul,171.9
2012-08-01,2012,8,Aug,188.9
2012-09-01,2012,9,Sep,179.0
2012-10-01,2012,10,Oct,92.0
2012-11-01,2012,11,Nov,74.5
2012-12-01,2012,12,Dec,51.3
2013-01-01,2013,1,Jan,51.0
2013-02-01,2013,2,Feb,59.5
2013-03-01,2013,3,Mar,66.8
2013-04-01,2013,4,Apr,193.5
2013-05-01,2013,5,May,193.4
2013-06-01,2013,6,Jun,169.4
2013-07-01,2013,7,Jul,263.3
2013-08-01,2013,8,Aug,217.1
2013-09-01,2013,9,Sep,144.2
2013-10-01,2013,10,Oct,93.1
2013-11-01,2013,11,Nov,76.4
2013-12-01,2013,12,Dec,62.4
2014-01-01,2014,1,Jan,64.5
2014-02-01,2014,2,Feb,102.2
2014-03-01,2014,3,Mar,157.7
2014-04-01,2014,4,Apr,155.7
2014-05-01,2014,5,May,185.3
2014-06-01,2014,6,Jun,211.1
2014-07-01,2014,7,Jul,229.0
2014-08-01,2014,8,Aug,200.1
2014-09-01,2014,9,Sep,132.4
2014-10-01,2014,10,Oct,113.3
2014-11-01,2014,11,Nov,52.2
2014-12-01,2014,12,Dec,79.6
2015-01-01,2015,1,Jan,71.6
2015-02-01,2015,2,Feb,88.3
2015-03-01,2015,3,Mar,144.6
2015-04-01,2015,4,Apr,215.8
2015-05-01,2015,5,May,193.4
2015-06-01,2015,6,Jun,227.5
2015-07-01,2015,7,Jul,202.9
2015-08-01,2015,8,Aug,163.5
2015-09-01,2015,9,Sep,170.7
2015-10-01,2015,10,Oct,97.9
2015-11-01,2015,11,Nov,41.7
2015-12-01,2015,12,Dec,44.2
2016-01-01,2016,1,Jan,54.2
2016-02-01,2016,2,Feb,93.5
2016-03-01,2016,3,Mar,129.0
2016-04-01,2016,4,Apr,175.7
2016-05-01,2016,5,May,203.8
2016-06-01,2016,6,Jun,132.0
2016-07-01,2016,7,Jul,226.5
2016-08-01,2016,8,Aug,240.5
2016-09-01,2016,9,Sep,140.9
2016-10-01,2016,10,Oct,105.3
2016-11-01,2016,11,Nov,86.5
2016-12-01,2016,12,Dec,53.5
2017-01-01,2017,1,Jan,67.3
2017-02-01,2017,2,Feb,56.3
2017-03-01,2017,3,Mar,127.9
2017-04-01,2017,4,Apr,182.8
2017-05-01,2017,5,May,183.4
2017-06-01,2017,6,Jun,210.2
2017-07-01,2017,7,Jul,188.5
2017-08-01,2017,8,Aug,191.5
2017-09-01,2017,9,Sep,124.1
2017-10-01,2017,10,Oct,89.3
2017-11-01,2017,11,Nov,86.6
2017-12-01,2017,12,Dec,60.6
2018-01-01,2018,1,Jan,62.3
2018-02-01,2018,2,Feb,99.1
2018-03-01,2018,3,Mar,75.6
2018-04-01,2018,4,Apr,125.0
2018-05-01,2018,5,May,256.6
2018-06-01,2018,6,Jun,241.1
2018-07-01,2018,7,Jul,282.5
2018-08-01,2018,8,Aug,200.8
2018-09-01,2018,9,Sep,176.8
2018-10-01,2018,10,Oct,158.4
2018-11-01,2018,11,Nov,85.0
2018-12-01,2018,12,Dec,52.5
2019-01-01,2019,1,Jan,60.1
2019-02-01,2019,2,Feb,137.2
2019-03-01,2019,3,Mar,133.3
2019-04-01,2019,4,Apr,192.1
2019-05-01,2019,5,May,209.2
2019-06-01,2019,6,Jun,177.0
2019-07-01,2019,7,Jul,205.1
2019-08-01,2019,8,Aug,241.7
2019-09-01,2019,9,Sep,178.1
2019-10-01,2019,10,Oct,82.5
2019-11-01,2019,11,Nov,54.9
2019-12-01,2019,12,Dec,66.4
2020-01-01,2020,1,Jan,59.7
2020-02-01,2020,2,Feb,90.4
2020-03-01,2020,3,Mar,166.4
2020-04-01,2020,4,Apr,249.0
2020-05-01,2020,5,May,309.3
2020-06-01,2020,6,Jun,216.1
2020-07-01,2020,7,Jul,179.6
2020-08-01,2020,8,Aug,182.2
2020-09-01,2020,9,Sep,176.9
2020-10-01,2020,10,Oct,62.9
2020-11-01,2020,11,Nov,72.5
2020-12-01,2020,12,Dec,46.1
2021-01-01,2021,1,Jan,43.7
2021-02-01,2021,2,Feb,75.9
2021-03-01,2021,3,Mar,110.6
2021-04-01,2021,4,Apr,217.5
2021-05-01,2021,5,May,171.3
2021-06-01,2021,6,Jun,205.9
2021-07-01,2021,7,Jul,182.6
2021-08-01,2021,8,Aug,127.3
2021-09-01,2021,9,Sep,155.0
2021-10-01,2021,10,Oct,99.6
2021-11-01,2021,11,Nov,85.2
2021-12-01,2021,12,Dec,27.3
2022-01-01,2022,1,Jan,96.0
2022-02-01,2022,2,Feb,96.3
2022-03-01,2022,3,Mar,182.1
2022-04-01,2022,4,Apr,206.7
2022-05-01,2022,5,May,188.1
2022-06-01,2022,6,Jun,248.3
2022-07-01,2022,7,Jul,235.0
2022-08-01,2022,8,Aug,256.8
2022-09-01,2022,9,Sep,138.4
2022-10-01,2022,10,Oct,150.6
2022-11-01,2022,11,Nov,58.8
2022-12-01,2022,12,Dec,64.7
2023-01-01,2023,1,Jan,79.6
2023-02-01,2023,2,Feb,104.6
2023-03-01,2023,3,Mar,78.6
2023-04-01,2023,4,Apr,184.5
2023-05-01,2023,5,May,211.7
2023-06-01,2023,6,Jun,260.5
2023-07-01,2023,7,Jul,171.3
2023-08-01,2023,8,Aug,201.4
2023-09-01,2023,9,Sep,175.3
2023-10-01,2023,10,Oct,107.9
2023-11-01,2023,11,Nov,89.2
2023-12-01,2023,12,Dec,30.6
2024-01-01,2024,1,Jan,80.1
2024-02-01,2024,2,Feb,59.5
2024-03-01,2024,3,Mar,98.2
2024-04-01,2024,4,Apr,142.4
2024-05-01,2024,5,May,195.4
2024-06-01,2024,6,Jun,234.5
2024-07-01,2024,7,Jul,200.4
2024-08-01,2024,8,Aug,222.8
2024-09-01,2024,9,Sep,142.3
2024-10-01,2024,10,Oct,104.6
2024-11-01,2024,11,Nov,58.7
2024-12-01,2024,12,Dec,29.8
2025-01-01,2025,1,Jan,73.5
2025-02-01,2025,2,Feb,69.5
2025-03-01,2025,3,Mar,222.0
2025-04-01,2025,4,Apr,269.2
2025-05-01,2025,5,May,252.8
2025-06-01,2025,6,Jun,276.8
2025-07-01,2025,7,Jul,212.1
2025-08-01,2025,8,Aug,211.0
2025-09-01,2025,9,Sep,183.1
2025-10-01,2025,10,Oct,76.9
2025-11-01,2025,11,Nov,71.9
2025-12-01,2025,12,Dec,70.8
2026-01-01,2026,1,Jan,62.2
2026-02-01,2026,2,Feb,44.5
2026-03-01,2026,3,Mar,155.5
2026-04-01,2026,4,Apr,177.6
