Entity,Code,Year,Rape or colza seed - Production (tonnes),production_1974_tonnes,pct_difference_from_1974,pct_change_yoy
Austria,AUT,1974,4679.0,4679.0,0.0,
Austria,AUT,1975,4958.0,4679.0,5.962812566787775,5.962812566787767
Austria,AUT,1976,4403.0,4679.0,-5.898696302628767,-11.194029850746269
Austria,AUT,1977,4867.0,4679.0,4.017952553964522,10.53826936179878
Austria,AUT,1978,6275.0,4679.0,34.109852532592434,28.929525374974308
Austria,AUT,1979,3011.0,4679.0,-35.64864287240864,-52.01593625498008
Austria,AUT,1980,8361.0,4679.0,78.69202821115623,177.68183327798073
Austria,AUT,1981,9876.0,4679.0,111.07074161145545,18.119842124147837
Austria,AUT,1982,9003.0,4679.0,92.41290874118404,-8.839611178614826
Austria,AUT,1983,11869.0,4679.0,153.66531310108996,31.83383316672221
Austria,AUT,1984,12338.0,4679.0,163.6888223979483,3.9514702165304616
Austria,AUT,1985,17289.0,4679.0,269.502030348365,40.128059653104216
Austria,AUT,1986,20840.0,4679.0,345.3943150245779,20.5390710856614
Austria,AUT,1987,57673.0,4679.0,1132.5924342808294,176.74184261036467
Austria,AUT,1988,81334.0,4679.0,1638.277409702928,41.02613007819951
Austria,AUT,1989,86743.0,4679.0,1753.8790339816198,6.650355324956347
Austria,AUT,1990,101527.0,4679.0,2069.843983757213,17.04345019194633
Austria,AUT,1991,132875.0,4679.0,2739.816200042744,30.87651560668592
Austria,AUT,1992,132352.0,4679.0,2728.638597991024,-0.3936030103480759
Austria,AUT,1993,131396.0,4679.0,2708.206881812353,-0.7223162475821998
Austria,AUT,1994,217069.0,4679.0,4539.21778157726,65.2021370513562
Austria,AUT,1995,267596.0,4679.0,5619.085274631332,23.276930376976917
Austria,AUT,1996,120757.0,4679.0,2480.8292370164563,-54.87339123155802
Austria,AUT,1997,129084.0,4679.0,2658.794614233811,6.8956665038051534
Austria,AUT,1998,128374.0,4679.0,2643.6204317161787,-0.5500294381952875
Austria,AUT,1999,194265.0,4679.0,4051.848685616585,51.32737158614673
Austria,AUT,2000,125353.0,4679.0,2579.0553537080573,-35.47319383316604
Austria,AUT,2001,146525.0,4679.0,3031.545201966232,16.889902914170385
Austria,AUT,2002,128647.0,4679.0,2649.4550117546487,-12.201330830916223
Austria,AUT,2003,77720.0,4679.0,1561.038683479376,-39.58662075291301
Austria,AUT,2004,120815.0,4679.0,2482.068818123531,55.44904786412764
Austria,AUT,2005,104303.0,4679.0,2129.172900192349,-13.667177088937631
Austria,AUT,2006,137303.0,4679.0,2834.4518059414404,31.63859141156056
Austria,AUT,2007,144706.0,4679.0,2992.6693737978203,5.391724871270109
Austria,AUT,2008,174592.0,4679.0,3631.395597349861,20.65291003828451
Austria,AUT,2009,171073.0,4679.0,3556.187219491344,-2.0155562683284445
Austria,AUT,2010,170584.0,4679.0,3545.7362684334257,-0.2858428857856032
Austria,AUT,2011,179669.0,4679.0,3739.901688394956,5.325821882474324
Austria,AUT,2012,148869.0,4679.0,3081.6413763624705,-17.142634511240118
Austria,AUT,2013,196828.0,4679.0,4106.625347296431,32.215572080151
Austria,AUT,2014,198285.55,4679.0,4137.776234238085,0.7405196415144033
Austria,AUT,2015,111745.11,4679.0,2288.2263304124813,-43.64435028170232
Austria,AUT,2016,141893.31,4679.0,2932.55631545202,26.97943561020253
Austria,AUT,2017,116835.0,4679.0,2397.00790767258,-17.6599657869705
Austria,AUT,2018,120690.0,4679.0,2479.3973071169053,3.299524971113099
Austria,AUT,2019,107170.0,4679.0,2190.446676640308,-11.202253707846555
Austria,AUT,2020,100280.0,4679.0,2043.1929899551185,-6.429037977045815
Austria,AUT,2021,86870.0,4679.0,1756.5932891643513,-13.372556840845627
Austria,AUT,2022,92030.0,4679.0,1866.873263517845,5.939910210659605
Austria,AUT,2023,86680.0,4679.0,1752.532592434281,-5.813321742909916
Austria,AUT,2024,71490.0,4679.0,1427.890574909169,-17.524227041993534
Belarus,BLR,1992,34600.0,,,
Belarus,BLR,1993,20700.0,,,-40.17341040462428
Belarus,BLR,1994,18700.0,,,-9.661835748792267
Belarus,BLR,1995,25700.0,,,37.4331550802139
Belarus,BLR,1996,18800.0,,,-26.84824902723736
Belarus,BLR,1997,21300.0,,,13.297872340425542
Belarus,BLR,1998,52000.0,,,144.13145539906105
Belarus,BLR,1999,57200.0,,,10.000000000000009
Belarus,BLR,2000,72600.0,,,26.92307692307692
Belarus,BLR,2001,94900.0,,,30.716253443526178
Belarus,BLR,2002,59600.0,,,-37.19704952581665
Belarus,BLR,2003,55508.0,,,-6.865771812080535
Belarus,BLR,2004,142865.0,,,157.37731498162427
Belarus,BLR,2005,149855.0,,,4.892730899800513
Belarus,BLR,2006,115042.0,,,-23.231123419305334
Belarus,BLR,2007,240085.0,,,108.69334677769858
Belarus,BLR,2008,513959.0,,,114.0737655413708
Belarus,BLR,2009,610968.0,,,18.87485188507254
Belarus,BLR,2010,374522.0,,,-38.70022652577549
Belarus,BLR,2011,379296.0,,,1.274691473398093
Belarus,BLR,2012,704391.0,,,85.71010503669957
Belarus,BLR,2013,675546.0,,,-4.095026767803677
Belarus,BLR,2014,729622.0,,,8.004784278198663
Belarus,BLR,2015,382381.0,,,-47.59190375290218
Belarus,BLR,2016,260035.0,,,-31.99583661322084
Belarus,BLR,2017,602451.0,,,131.68073528563465
Belarus,BLR,2018,456263.0,,,-24.26554192789123
Belarus,BLR,2019,578255.0,,,26.73721077536422
Belarus,BLR,2020,732742.0,,,26.71606817061678
Belarus,BLR,2021,715078.0,,,-2.4106711502820954
Belarus,BLR,2022,806019.0,,,12.717633600809975
Belarus,BLR,2023,898598.0,,,11.485957527055811
Belarus,BLR,2024,1040288.0,,,15.767896211654154
Belgium,BEL,2000,14200.0,,,
Belgium,BEL,2001,18400.0,,,29.5774647887324
Belgium,BEL,2002,18300.0,,,-0.5434782608695676
Belgium,BEL,2003,16768.0,,,-8.37158469945355
Belgium,BEL,2004,22895.0,,,36.53983778625953
Belgium,BEL,2005,24000.0,,,4.826381305962002
Belgium,BEL,2006,33976.0,,,41.56666666666666
Belgium,BEL,2007,40495.0,,,19.187073228161044
Belgium,BEL,2008,33228.0,,,-17.9454253611557
Belgium,BEL,2009,41669.0,,,25.40327434693632
Belgium,BEL,2010,45665.0,,,9.589862967673811
Belgium,BEL,2011,52211.0,,,14.334829738311615
Belgium,BEL,2012,48431.0,,,-7.239853670682428
Belgium,BEL,2013,60900.0,,,25.745906547459278
Belgium,BEL,2014,58500.0,,,-3.940886699507384
Belgium,BEL,2015,50744.0,,,-13.25811965811966
Belgium,BEL,2016,39452.0,,,-22.252877187450736
Belgium,BEL,2017,46090.0,,,16.825509479874267
Belgium,BEL,2018,43300.0,,,-6.053373833803432
Belgium,BEL,2019,33430.0,,,-22.794457274826783
Belgium,BEL,2020,29910.0,,,-10.529464552796885
Belgium,BEL,2021,28100.0,,,-6.051487796723509
Belgium,BEL,2022,36900.0,,,31.316725978647696
Belgium,BEL,2023,45720.0,,,23.902439024390244
Belgium,BEL,2024,35750.0,,,-21.806649168853895
Bosnia and Herzegovina,BIH,1992,2300.0,,,
Bosnia and Herzegovina,BIH,1993,2400.0,,,4.347826086956519
Bosnia and Herzegovina,BIH,1994,2374.75,,,-1.0520833333333313
Bosnia and Herzegovina,BIH,1995,2298.1,,,-3.2277081798084084
Bosnia and Herzegovina,BIH,1996,2200.0,,,-4.2687437448326815
Bosnia and Herzegovina,BIH,1997,1904.0,,,-13.454545454545451
Bosnia and Herzegovina,BIH,1998,811.0,,,-57.40546218487395
Bosnia and Herzegovina,BIH,1999,1264.0,,,55.85696670776819
Bosnia and Herzegovina,BIH,2000,2300.0,,,81.9620253164557
Bosnia and Herzegovina,BIH,2001,3371.0,,,46.56521739130434
Bosnia and Herzegovina,BIH,2002,3000.0,,,-11.005636309700384
Bosnia and Herzegovina,BIH,2003,66.0,,,-97.8
Bosnia and Herzegovina,BIH,2004,403.0,,,510.6060606060606
Bosnia and Herzegovina,BIH,2005,995.0,,,146.8982630272953
Bosnia and Herzegovina,BIH,2006,2127.0,,,113.76884422110552
Bosnia and Herzegovina,BIH,2007,3925.0,,,84.5322049835449
Bosnia and Herzegovina,BIH,2008,1992.0,,,-49.2484076433121
Bosnia and Herzegovina,BIH,2009,1835.0,,,-7.881526104417668
Bosnia and Herzegovina,BIH,2010,1167.0,,,-36.4032697547684
Bosnia and Herzegovina,BIH,2011,1530.0,,,31.105398457583554
Bosnia and Herzegovina,BIH,2012,562.0,,,-63.267973856209146
Bosnia and Herzegovina,BIH,2013,1857.0,,,230.4270462633452
Bosnia and Herzegovina,BIH,2014,2047.0,,,10.231556273559494
Bosnia and Herzegovina,BIH,2015,2227.0,,,8.793356130923314
Bosnia and Herzegovina,BIH,2016,4443.0,,,99.50606196677144
Bosnia and Herzegovina,BIH,2017,6374.9,,,43.48188161152373
Bosnia and Herzegovina,BIH,2018,9813.0,,,53.93182638159031
Bosnia and Herzegovina,BIH,2019,8657.0,,,-11.780291450117186
Bosnia and Herzegovina,BIH,2020,10142.0,,,17.15374841168995
Bosnia and Herzegovina,BIH,2021,3060.0,,,-69.82843620587656
Bosnia and Herzegovina,BIH,2022,5501.0,,,79.77124183006536
Bosnia and Herzegovina,BIH,2023,6118.0,,,11.216142519541904
Bosnia and Herzegovina,BIH,2024,4554.0,,,-25.563909774436087
Bulgaria,BGR,1974,1.0,1.0,0.0,
Bulgaria,BGR,1975,8.0,1.0,700.0,700.0
Bulgaria,BGR,1976,9.0,1.0,800.0,12.5
Bulgaria,BGR,1977,20.0,1.0,1900.0,122.22222222222224
Bulgaria,BGR,1978,3.0,1.0,200.0,-85.0
Bulgaria,BGR,1979,0.0,1.0,-100.0,-100.0
Bulgaria,BGR,1980,0.0,1.0,-100.0,
Bulgaria,BGR,1981,0.0,1.0,-100.0,
Bulgaria,BGR,1982,0.0,1.0,-100.0,
Bulgaria,BGR,1983,0.0,1.0,-100.0,
Bulgaria,BGR,1984,0.0,1.0,-100.0,
Bulgaria,BGR,1985,0.0,1.0,-100.0,
Bulgaria,BGR,1986,0.0,1.0,-100.0,
Bulgaria,BGR,1987,0.0,1.0,-100.0,
Bulgaria,BGR,1988,0.0,1.0,-100.0,
Bulgaria,BGR,1989,0.0,1.0,-100.0,
Bulgaria,BGR,1990,0.0,1.0,-100.0,
Bulgaria,BGR,1991,0.0,1.0,-100.0,
Bulgaria,BGR,1992,0.0,1.0,-100.0,
Bulgaria,BGR,1993,3000.0,1.0,299900.0,inf
Bulgaria,BGR,1994,6000.0,1.0,599900.0,100.0
Bulgaria,BGR,1995,7000.0,1.0,699900.0,16.666666666666675
Bulgaria,BGR,1996,6927.19,1.0,692619.0,-1.0401428571428672
Bulgaria,BGR,1997,9830.02,1.0,982902.0,41.90487051748257
Bulgaria,BGR,1998,8000.0,1.0,799900.0,-18.61664574436268
Bulgaria,BGR,1999,10000.0,1.0,999900.0,25.0
Bulgaria,BGR,2000,20000.0,1.0,1999900.0,100.0
Bulgaria,BGR,2001,18800.0,1.0,1879900.0,-6.000000000000005
Bulgaria,BGR,2002,8061.0,1.0,806000.0,-57.12234042553192
Bulgaria,BGR,2003,11291.0,1.0,1129000.0,40.069470289046016
Bulgaria,BGR,2004,22388.0,1.0,2238700.0,98.28181737667168
Bulgaria,BGR,2005,21778.0,1.0,2177700.0,-2.724673932463817
Bulgaria,BGR,2006,28463.0,1.0,2846200.0,30.696115345761772
Bulgaria,BGR,2007,93018.0,1.0,9301700.0,226.8032182131188
Bulgaria,BGR,2008,231176.0,1.0,23117500.0,148.5282418456643
Bulgaria,BGR,2009,235490.0,1.0,23548900.0,1.8661106689275675
Bulgaria,BGR,2010,544841.0,1.0,54484000.0,131.3648137925177
Bulgaria,BGR,2011,519910.0,1.0,51990900.0,-4.575830379872292
Bulgaria,BGR,2012,271041.0,1.0,27104000.0,-47.8677078725164
Bulgaria,BGR,2013,336731.0,1.0,33673000.0,24.236185669326773
Bulgaria,BGR,2014,527912.0,1.0,52791100.0,56.77558644734224
Bulgaria,BGR,2015,422092.0,1.0,42209100.0,-20.04500750125021
Bulgaria,BGR,2016,509251.0,1.0,50925000.0,20.64928972830569
Bulgaria,BGR,2017,478987.0,1.0,47898600.0,-5.94284547305749
Bulgaria,BGR,2018,472590.0,1.0,47258900.0,-1.3355268514594345
Bulgaria,BGR,2019,432490.0,1.0,43248900.0,-8.485156266531247
Bulgaria,BGR,2020,279280.0,1.0,27927900.0,-35.4250965340239
Bulgaria,BGR,2021,375800.0,1.0,37579900.0,34.56029790890862
Bulgaria,BGR,2022,299420.0,1.0,29941900.0,-20.32464076636509
Bulgaria,BGR,2023,207040.0,1.0,20703900.0,-30.852982432703225
Bulgaria,BGR,2024,159870.0,1.0,15986900.0,-22.7830370942813
Croatia,HRV,1992,24183.0,,,
Croatia,HRV,1993,28665.0,,,18.533680684778563
Croatia,HRV,1994,28341.0,,,-1.1302982731554168
Croatia,HRV,1995,24472.0,,,-13.651600155252108
Croatia,HRV,1996,11661.0,,,-52.349624060150376
Croatia,HRV,1997,11181.0,,,-4.116285052739899
Croatia,HRV,1998,21967.0,,,96.46722117878544
Croatia,HRV,1999,32581.0,,,48.31793144261847
Croatia,HRV,2000,29436.0,,,-9.652865166815015
Croatia,HRV,2001,22456.0,,,-23.71246093219187
Croatia,HRV,2002,25585.0,,,13.93391521197007
Croatia,HRV,2003,28596.0,,,11.768614422513204
Croatia,HRV,2004,31392.0,,,9.777591271506502
Croatia,HRV,2005,41275.0,,,31.482543323139645
Croatia,HRV,2006,19996.0,,,-51.5542095699576
Croatia,HRV,2007,39330.0,,,96.68933786757351
Croatia,HRV,2008,62942.0,,,60.03559623696923
Croatia,HRV,2009,80424.0,,,27.77477677862159
Croatia,HRV,2010,33047.0,,,-58.90903212971252
Croatia,HRV,2011,49483.0,,,49.73522558779919
Croatia,HRV,2012,26406.0,,,-46.63621849928258
Croatia,HRV,2013,47827.0,,,81.12171476179657
Croatia,HRV,2014,71228.0,,,48.928429548163166
Croatia,HRV,2015,56783.0,,,-20.27994608861684
Croatia,HRV,2016,112990.0,,,98.98561189088284
Croatia,HRV,2017,135810.0,,,20.196477564386228
Croatia,HRV,2018,155840.0,,,14.748545762462271
Croatia,HRV,2019,103900.0,,,-33.32905544147844
Croatia,HRV,2020,119670.0,,,15.178055822906632
Croatia,HRV,2021,73420.0,,,-38.64794852511072
Croatia,HRV,2022,58070.0,,,-20.907109779351675
Croatia,HRV,2023,43050.0,,,-25.865334940588948
Croatia,HRV,2024,53090.0,,,23.321718931475036
Czechia,CZE,1993,377233.0,,,
Czechia,CZE,1994,451628.0,,,19.721233296132624
Czechia,CZE,1995,662176.0,,,46.61978442434924
Czechia,CZE,1996,520572.0,,,-21.38464698207123
Czechia,CZE,1997,560509.0,,,7.671753378975432
Czechia,CZE,1998,680216.0,,,21.356838159601367
Czechia,CZE,1999,931053.0,,,36.87608053912286
Czechia,CZE,2000,844428.0,,,-9.303981620809989
Czechia,CZE,2001,973321.0,,,15.263941982028072
Czechia,CZE,2002,709533.0,,,-27.101850263171144
Czechia,CZE,2003,387805.0,,,-45.343627428181634
Czechia,CZE,2004,934674.0,,,141.01649024638672
Czechia,CZE,2005,769377.0,,,-17.68498963274896
Czechia,CZE,2006,880172.0,,,14.400612443574468
Czechia,CZE,2007,1031920.0,,,17.24072113177879
Czechia,CZE,2008,1048943.0,,,1.6496433832080104
Czechia,CZE,2009,1128119.0,,,7.548169919623859
Czechia,CZE,2010,1042418.0,,,-7.596804946995839
Czechia,CZE,2011,1046071.0,,,0.3504352380714781
Czechia,CZE,2012,1109137.0,,,6.028845078393341
Czechia,CZE,2013,1443210.0,,,30.120084353871523
Czechia,CZE,2014,1537320.0,,,6.520880537135976
Czechia,CZE,2015,1256212.0,,,-18.285587906226414
Czechia,CZE,2016,1359125.0,,,8.192327409704724
Czechia,CZE,2017,1146223.8,,,-15.664578313253008
Czechia,CZE,2018,1410770.0,,,23.07980343803715
Czechia,CZE,2019,1156970.0,,,-17.99017557787591
Czechia,CZE,2020,1245330.0,,,7.637190246938119
Czechia,CZE,2021,1024930.0,,,-17.698120176981202
Czechia,CZE,2022,1166390.0,,,13.801918179778138
Czechia,CZE,2023,1309500.0,,,12.269481048362897
Czechia,CZE,2024,946890.0,,,-27.69072164948454
Denmark,DNK,1974,111853.0,111853.0,0.0,
Denmark,DNK,1975,130561.0,111853.0,16.72552367839933,16.725523678399323
Denmark,DNK,1976,81058.0,111853.0,-27.53167103251589,-37.91561032773952
Denmark,DNK,1977,77336.0,111853.0,-30.85925276925965,-4.591773791606013
Denmark,DNK,1978,91227.0,111853.0,-18.440274288575186,17.961880624806035
Denmark,DNK,1979,149759.0,111853.0,33.889122330201246,64.16082957896236
Denmark,DNK,1980,196480.0,111853.0,75.65912402885931,31.19745724797842
Denmark,DNK,1981,265701.0,111853.0,137.54481328171798,35.23055781758957
Denmark,DNK,1982,335034.0,111853.0,199.53063395706863,26.094369234590765
Denmark,DNK,1983,309315.0,111853.0,176.5370620367804,-7.676534321889717
Denmark,DNK,1984,473600.0,111853.0,323.4128722519736,53.112522832710994
Denmark,DNK,1985,544000.0,111853.0,386.3526235326724,14.864864864864868
Denmark,DNK,1986,618000.0,111853.0,452.5108848220432,13.602941176470583
Denmark,DNK,1987,556000.0,111853.0,397.080990228246,-10.032362459546928
Denmark,DNK,1988,504000.0,111853.0,350.59140121409354,-9.352517985611508
Denmark,DNK,1989,655000.0,111853.0,485.59001546672863,29.960317460317462
Denmark,DNK,1990,793000.0,111853.0,608.9662324658257,21.06870229007633
Denmark,DNK,1991,726000.0,111853.0,549.0661850822061,-8.448928121059273
Denmark,DNK,1992,406000.0,111853.0,262.9764065335753,-44.0771349862259
Denmark,DNK,1993,417000.0,111853.0,272.8107426711845,2.709359605911321
Denmark,DNK,1994,370662.0,111853.0,231.38315467622684,-11.112230215827337
Denmark,DNK,1995,312437.0,111853.0,179.3282254387455,-15.708381220626876
Denmark,DNK,1996,251000.0,111853.0,124.40167004908228,-19.663804222931347
Denmark,DNK,1997,291000.0,111853.0,160.16289236766113,15.936254980079688
Denmark,DNK,1998,358800.0,111853.0,220.77816419765227,23.298969072164954
Denmark,DNK,1999,411090.0,111853.0,267.5270220736145,14.573578595317716
Denmark,DNK,2000,293900.0,111853.0,162.7555809857581,-28.50713955581503
Denmark,DNK,2001,211577.0,111853.0,89.15630336244892,-28.01054780537597
Denmark,DNK,2002,218000.0,111853.0,94.89866163625472,3.035774209862141
Denmark,DNK,2003,354200.0,111853.0,216.6656236310157,62.477064220183486
Denmark,DNK,2004,468100.0,111853.0,318.495704183169,32.15697346132129
Denmark,DNK,2005,342200.0,111853.0,205.9372569354421,-26.89596240119633
Denmark,DNK,2006,434700.0,111853.0,288.63508354715566,27.03097603740503
Denmark,DNK,2007,588600.0,111853.0,426.2263864178878,35.40372670807452
Denmark,DNK,2008,629200.0,111853.0,462.5240270712453,6.8977234114848684
Denmark,DNK,2009,637400.0,111853.0,469.855077646554,1.303242212333111
Denmark,DNK,2010,579800.0,111853.0,418.3589175078004,-9.036711641041729
Denmark,DNK,2011,508300.0,111853.0,354.4357326133407,-12.331838565022425
Denmark,DNK,2012,484600.0,111853.0,333.2472083895828,-4.662600826283692
Denmark,DNK,2013,687655.0,111853.0,514.7845833370584,41.90156830375567
Denmark,DNK,2014,708900.0,111853.0,533.7782625410136,3.0894852796824024
Denmark,DNK,2015,826000.0,111853.0,638.4692408786532,16.518549865989552
Denmark,DNK,2016,506200.0,111853.0,352.5582684416153,-38.71670702179176
Denmark,DNK,2017,742300.0,111853.0,563.638883177027,46.64164361912289
Denmark,DNK,2018,489100.0,111853.0,337.2703459004229,-34.11019803314024
Denmark,DNK,2019,729000.0,111853.0,551.7482767560996,49.04927417705991
Denmark,DNK,2020,560200.0,111853.0,400.8359185716968,-23.15500685871056
Denmark,DNK,2021,650900.0,111853.0,481.9244901790743,16.190646197786496
Denmark,DNK,2022,889200.0,111853.0,694.9719721420079,36.61084652020279
Denmark,DNK,2023,822700.0,111853.0,635.5189400373705,-7.478632478632474
Denmark,DNK,2024,696900.0,111853.0,523.04989584544,-15.291114622584178
Estonia,EST,1992,2334.0,,,
Estonia,EST,1993,1727.0,,,-26.00685518423308
Estonia,EST,1994,2167.0,,,25.47770700636942
Estonia,EST,1995,7025.0,,,224.18089524688511
Estonia,EST,1996,10007.0,,,42.44839857651246
Estonia,EST,1997,9614.0,,,-3.927250924352954
Estonia,EST,1998,17900.0,,,86.18681090076971
Estonia,EST,1999,29800.0,,,66.48044692737429
Estonia,EST,2000,38598.0,,,29.52348993288592
Estonia,EST,2001,41300.0,,,7.000362713093944
Estonia,EST,2002,63865.0,,,54.636803874092
Estonia,EST,2003,69235.0,,,8.408361387301344
Estonia,EST,2004,68598.0,,,-0.9200548855347712
Estonia,EST,2005,83067.0,,,21.092451674975955
Estonia,EST,2006,84609.0,,,1.8563328397558587
Estonia,EST,2007,133340.0,,,57.59552766254181
Estonia,EST,2008,111149.0,,,-16.64241787910604
Estonia,EST,2009,135992.0,,,22.351078282305732
Estonia,EST,2010,131022.0,,,-3.654626742749578
Estonia,EST,2011,144194.0,,,10.053273496054093
Estonia,EST,2012,157816.0,,,9.44699502059725
Estonia,EST,2013,174028.0,,,10.272722664368628
Estonia,EST,2014,166495.0,,,-4.328613786287261
Estonia,EST,2015,196300.0,,,17.901438481636077
Estonia,EST,2016,102481.0,,,-47.793683138054
Estonia,EST,2017,165270.0,,,61.26891814092368
Estonia,EST,2018,113590.0,,,-31.27004296000484
Estonia,EST,2019,191370.0,,,68.47433752971213
Estonia,EST,2020,202950.0,,,6.051105188901085
Estonia,EST,2021,216070.0,,,6.464646464646462
Estonia,EST,2022,218670.0,,,1.203313740917289
Estonia,EST,2023,137930.0,,,-36.923217633877535
Estonia,EST,2024,96070.0,,,-30.348727615457115
Finland,FIN,1974,16600.0,16600.0,0.0,
Finland,FIN,1975,25800.0,16600.0,55.42168674698795,55.42168674698795
Finland,FIN,1976,22300.0,16600.0,34.33734939759036,-13.56589147286822
Finland,FIN,1977,34900.0,16600.0,110.24096385542168,56.50224215246637
Finland,FIN,1978,48200.0,16600.0,190.36144578313247,38.10888252148996
Finland,FIN,1979,46000.0,16600.0,177.10843373493975,-4.56431535269709
Finland,FIN,1980,87600.0,16600.0,427.710843373494,90.43478260869566
Finland,FIN,1981,69100.0,16600.0,316.26506024096386,-21.118721461187217
Finland,FIN,1982,96300.0,16600.0,480.1204819277109,39.36324167872649
Finland,FIN,1983,101200.0,16600.0,509.6385542168675,5.088265835929384
Finland,FIN,1984,85700.0,16600.0,416.2650602409639,-15.316205533596838
Finland,FIN,1985,89300.0,16600.0,437.9518072289157,4.200700116686118
Finland,FIN,1986,123900.0,16600.0,646.3855421686748,38.7458006718925
Finland,FIN,1987,89700.0,16600.0,440.3614457831325,-27.602905569007262
Finland,FIN,1988,121100.0,16600.0,629.5180722891566,35.00557413600891
Finland,FIN,1989,125300.0,16600.0,654.8192771084337,3.4682080924855585
Finland,FIN,1990,117000.0,16600.0,604.8192771084337,-6.624102154828416
Finland,FIN,1991,94900.0,16600.0,471.68674698795184,-18.88888888888889
Finland,FIN,1992,132600.0,16600.0,698.7951807228916,39.72602739726028
Finland,FIN,1993,127400.0,16600.0,667.4698795180723,-3.9215686274509776
Finland,FIN,1994,107900.0,16600.0,550.0,-15.306122448979586
Finland,FIN,1995,127900.0,16600.0,670.4819277108434,18.535681186283597
Finland,FIN,1996,89400.0,16600.0,438.5542168674699,-30.10164190774042
Finland,FIN,1997,92900.0,16600.0,459.6385542168675,3.914988814317666
Finland,FIN,1998,63900.0,16600.0,284.9397590361445,-31.216361679224967
Finland,FIN,1999,88300.0,16600.0,431.9277108433735,38.184663536776206
Finland,FIN,2000,70900.0,16600.0,327.1084337349397,-19.70554926387316
Finland,FIN,2001,100800.0,16600.0,507.2289156626506,42.17207334273625
Finland,FIN,2002,102800.0,16600.0,519.277108433735,1.984126984126977
Finland,FIN,2003,93600.0,16600.0,463.855421686747,-8.949416342412453
Finland,FIN,2004,74800.0,16600.0,350.6024096385542,-20.08547008547008
Finland,FIN,2005,105600.0,16600.0,536.144578313253,41.1764705882353
Finland,FIN,2006,148200.0,16600.0,792.7710843373494,40.34090909090908
Finland,FIN,2007,113500.0,16600.0,583.7349397590361,-23.414304993252365
Finland,FIN,2008,88900.0,16600.0,435.5421686746988,-21.674008810572687
Finland,FIN,2009,139900.0,16600.0,742.7710843373494,57.36782902137232
Finland,FIN,2010,178500.0,16600.0,975.301204819277,27.591136526090065
Finland,FIN,2011,115100.0,16600.0,593.3734939759037,-35.51820728291316
Finland,FIN,2012,73200.0,16600.0,340.9638554216868,-36.4031277150304
Finland,FIN,2013,80200.0,16600.0,383.13253012048193,9.562841530054644
Finland,FIN,2014,62100.0,16600.0,274.09638554216866,-22.56857855361596
Finland,FIN,2015,85300.0,16600.0,413.855421686747,37.359098228663456
Finland,FIN,2016,93900.0,16600.0,465.66265060240966,10.082063305978895
Finland,FIN,2017,91300.0,16600.0,450.0,-2.768903088391905
Finland,FIN,2018,70900.0,16600.0,327.1084337349397,-22.343921139101862
Finland,FIN,2019,41900.0,16600.0,152.40963855421688,-40.90267983074754
Finland,FIN,2020,31120.0,16600.0,87.46987951807229,-25.72792362768497
Finland,FIN,2021,41210.0,16600.0,148.25301204819277,32.422879177377894
Finland,FIN,2022,56770.0,16600.0,241.9879518072289,37.75782577044407
Finland,FIN,2023,40600.0,16600.0,144.57831325301206,-28.48335388409371
Finland,FIN,2024,49100.0,16600.0,195.78313253012047,20.935960591133007
France,FRA,1974,671600.0,671600.0,0.0,
France,FRA,1975,507300.0,671600.0,-24.46396664681357,-24.463966646813585
France,FRA,1976,572300.0,671600.0,-14.785586658725434,12.812931204415534
France,FRA,1977,410900.0,671600.0,-38.81774865991662,-28.201991962257555
France,FRA,1978,627970.0,671600.0,-6.496426444312091,52.82793867120954
France,FRA,1979,516000.0,671600.0,-23.1685527099464,-17.830469608420785
France,FRA,1980,1092900.0,671600.0,62.730792138177485,111.80232558139537
France,FRA,1981,1005600.0,671600.0,49.7319833234068,-7.987922042272855
France,FRA,1982,1185000.0,671600.0,76.44431209053008,17.8400954653938
France,FRA,1983,968800.0,671600.0,44.25253126861227,-18.244725738396628
France,FRA,1984,1358200.0,671600.0,102.23347230494342,40.19405450041289
France,FRA,1985,1418400.0,671600.0,111.19714115544969,4.432336916507151
France,FRA,1986,1047530.0,671600.0,55.97528290649196,-26.147067117879292
France,FRA,1987,2655100.0,671600.0,295.3394877903514,153.46290798354227
France,FRA,1988,2340000.0,671600.0,248.4216795711733,-11.867726262664302
France,FRA,1989,1870500.0,671600.0,178.51399642644432,-20.06410256410256
France,FRA,1990,1975600.0,671600.0,194.1631923764145,5.618818497727873
France,FRA,1991,2291878.0,671600.0,241.2564026206076,16.0092123911723
France,FRA,1992,1853723.6,671600.0,176.01602144133415,-19.11770172757886
France,FRA,1993,1586050.5,671600.0,136.1599910661108,-14.43975250679228
France,FRA,1994,1829022.1,671600.0,172.33801369863016,15.31928523082966
France,FRA,1995,2703164.0,671600.0,302.49612864800474,47.79285608413368
France,FRA,1996,2877510.5,671600.0,328.4560005955926,6.449719661848108
France,FRA,1997,3443230.8,671600.0,412.6907087552114,19.66006031950187
France,FRA,1998,3690310.5,671600.0,449.4804198927933,7.17580999798213
France,FRA,1999,4391792.5,671600.0,553.929794520548,19.00875278652028
France,FRA,2000,3476819.0,671600.0,417.6919297200714,-20.833714252210235
France,FRA,2001,2877152.5,671600.0,328.4026950565813,-17.24756163608172
France,FRA,2002,3319958.0,671600.0,394.33561643835617,15.39040770344986
France,FRA,2003,3369013.8,671600.0,401.63993448481233,1.47760302991784
France,FRA,2004,3997878.8,671600.0,495.2767718880286,18.666144970970432
France,FRA,2005,4532787.0,671600.0,574.923615247171,13.379800308103396
France,FRA,2006,4144485.0,671600.0,517.1061643835617,-8.56651768547695
France,FRA,2007,4691098.0,671600.0,598.4958308516974,13.188924558781135
France,FRA,2008,4721288.0,671600.0,602.9910661107803,0.643559354334533
France,FRA,2009,5588526.5,671600.0,732.1212775461584,18.36868456234824
France,FRA,2010,4815239.0,671600.0,616.9801965455628,-13.83705525955724
France,FRA,2011,5369011.0,671600.0,699.4358248957714,11.50040527583367
France,FRA,2012,5463185.5,671600.0,713.4582340678976,1.7540381273199124
France,FRA,2013,4366200.0,671600.0,550.1191185229303,-20.07959458817571
France,FRA,2014,5524094.0,671600.0,722.5273972602739,26.51949063258669
France,FRA,2015,5334404.0,671600.0,694.2829064919595,-3.433866259335916
France,FRA,2016,4742935.0,671600.0,606.2142644431209,-11.087817870562487
France,FRA,2017,5317377.0,671600.0,691.7476176295413,12.111530096870403
France,FRA,2018,4980540.0,671600.0,641.593210244193,-6.334645822554997
France,FRA,2019,3523300.0,671600.0,424.6128648004765,-29.258674762174387
France,FRA,2020,3289960.0,671600.0,389.86896962477664,-6.622768427326653
France,FRA,2021,3306520.0,671600.0,392.3347230494342,0.5033495847973857
France,FRA,2022,4516540.0,671600.0,572.5044669446099,36.59496993818274
France,FRA,2023,4276890.0,671600.0,536.8210244192971,-5.306052863475141
France,FRA,2024,3941140.0,671600.0,486.8284693269803,-7.850330497160318
Germany,DEU,1974,599069.0,599069.0,0.0,
Germany,DEU,1975,562406.0,599069.0,-6.119996194094504,-6.119996194094501
Germany,DEU,1976,541987.0,599069.0,-9.528451647472997,-3.630651166594956
Germany,DEU,1977,590077.0,599069.0,-1.5009957116792891,8.872906545728965
Germany,DEU,1978,648670.0,599069.0,8.279680637789637,9.929721036407102
Germany,DEU,1979,522643.0,599069.0,-12.75746199519588,-19.428522977785317
Germany,DEU,1980,685801.0,599069.0,14.477798049974211,31.21786764579264
Germany,DEU,1981,646711.0,599069.0,7.952673231297229,-5.699904199614759
Germany,DEU,1982,841380.0,599069.0,40.44792836885234,30.101389956255574
Germany,DEU,1983,858665.0,599069.0,43.33323874211485,2.0543630701941984
Germany,DEU,1984,965314.0,599069.0,61.13569555426837,12.420326902808432
Germany,DEU,1985,1182910.0,599069.0,97.45805574983852,22.54147355161118
Germany,DEU,1986,1414910.0,599069.0,136.1848134355141,19.612650159352786
Germany,DEU,1987,1630659.0,599069.0,172.19886190071594,15.248249005237092
Germany,DEU,1988,1640233.0,599069.0,173.7970083579688,0.5871245919594426
Germany,DEU,1989,1869584.0,599069.0,212.08157991817305,13.982830488107489
Germany,DEU,1990,2088213.0,599069.0,248.57637434085223,11.693991818500791
Germany,DEU,1991,2972299.0,599069.0,396.1530307861031,42.33696466787631
Germany,DEU,1992,2616811.0,599069.0,336.8129547681486,-11.960034976292766
Germany,DEU,1993,2847674.0,599069.0,375.3499179560284,8.822303177417101
Germany,DEU,1994,2895544.0,599069.0,383.3406502422926,1.6810210719345076
Germany,DEU,1995,3103295.0,599069.0,418.0196271214167,7.174852117598629
Germany,DEU,1996,1969826.0,599069.0,228.8145439006192,-36.52469391404942
Germany,DEU,1997,2866510.0,599069.0,378.49413005847407,45.5209749490564
Germany,DEU,1998,3387928.0,599069.0,465.5321841056707,18.189994104328957
Germany,DEU,1999,4284600.0,599069.0,615.2097671553694,26.466678158449653
Germany,DEU,2000,3585661.0,599069.0,498.5388995257641,-16.312817999346496
Germany,DEU,2001,4160093.0,599069.0,594.4263515554969,16.020254006165114
Germany,DEU,2002,3848696.0,599069.0,542.4461956802973,-7.485337467215281
Germany,DEU,2003,3633936.0,599069.0,506.5972367122986,-5.580071795745889
Germany,DEU,2004,5276589.0,599069.0,780.7982052150921,45.20313511300144
Germany,DEU,2005,5051700.0,599069.0,743.2584560376184,-4.262014722010754
Germany,DEU,2006,5336500.0,599069.0,790.7988896103789,5.637706118732311
Germany,DEU,2007,5320518.0,599069.0,788.1310833977388,-0.2994846809706741
Germany,DEU,2008,5154700.0,599069.0,760.4518010446209,-3.1165762431402344
Germany,DEU,2009,6306700.0,599069.0,952.750184035562,22.3485362872718
Germany,DEU,2010,5697595.0,599069.0,851.074917914297,-9.658062060982765
Germany,DEU,2011,3869500.0,599069.0,545.9189175203524,-32.08537988396859
Germany,DEU,2012,4821100.0,599069.0,704.7653943034943,24.59232458974028
Germany,DEU,2013,5784300.0,599069.0,865.54820897092,19.97884300263426
Germany,DEU,2014,6247400.0,599069.0,942.8514912305594,8.006154590875303
Germany,DEU,2015,5016800.0,599069.0,737.4327498167991,-19.697794282421487
Germany,DEU,2016,4579600.0,599069.0,664.4528426608621,-8.714718545686495
Germany,DEU,2017,4268400.0,599069.0,612.5055711445593,-6.79535330596559
Germany,DEU,2018,3677200.0,599069.0,513.8191093179584,-13.850623184331369
Germany,DEU,2019,2830200.0,599069.0,372.4330586293065,-23.03383008811052
Germany,DEU,2020,3527300.0,599069.0,488.7969499339808,24.63076814359408
Germany,DEU,2021,3504600.0,599069.0,485.0077370052532,-0.643551725115532
Germany,DEU,2022,4294900.0,599069.0,616.9291016560697,22.550362380870848
Germany,DEU,2023,4218000.0,599069.0,604.0925168887056,-1.7904957042073175
Germany,DEU,2024,3631700.0,599069.0,506.2239908925349,-13.899952584163112
Greece,GRC,1998,1000.0,,,
Greece,GRC,1999,500.0,,,-50.0
Greece,GRC,2000,1340.49,,,168.09799999999998
Greece,GRC,2001,2203.81,,,64.40331520563376
Greece,GRC,2002,3201.56,,,45.27386662189572
Greece,GRC,2003,4059.91,,,26.81036744587013
Greece,GRC,2004,5643.28,,,39.0001256185482
Greece,GRC,2005,5248.42,,,-6.996994655590361
Greece,GRC,2006,4000.0,,,-23.78658720148159
Greece,GRC,2007,726.57,,,-81.83574999999999
Greece,GRC,2008,1163.57,,,60.14561570117123
Greece,GRC,2009,5345.11,,,359.3715891609444
Greece,GRC,2010,25175.5,,,371.0005968071752
Greece,GRC,2011,21896.86,,,-13.023137574228915
Greece,GRC,2012,14087.38,,,-35.66483961627376
Greece,GRC,2013,12181.5,,,-13.52898835695494
Greece,GRC,2014,8173.27,,,-32.90424003612035
Greece,GRC,2015,14950.36,,,82.91773060231706
Greece,GRC,2016,15509.97,,,3.743120566996372
Greece,GRC,2017,18854.0,,,21.560518814672115
Greece,GRC,2018,8210.0,,,-56.45486368940278
Greece,GRC,2019,9680.0,,,17.90499390986602
Greece,GRC,2020,12080.0,,,24.79338842975207
Greece,GRC,2021,12270.0,,,1.572847682119205
Greece,GRC,2022,24820.0,,,102.28198859005704
Greece,GRC,2023,16480.0,,,-33.60193392425464
Greece,GRC,2024,6640.0,,,-59.70873786407766
Hungary,HUN,1974,44891.0,44891.0,0.0,
Hungary,HUN,1975,65146.0,44891.0,45.12040275333586,45.12040275333587
Hungary,HUN,1976,66696.0,44891.0,48.57321066583502,2.3792711755134643
Hungary,HUN,1977,89461.0,44891.0,99.28493461941146,34.13248170804846
Hungary,HUN,1978,107922.0,44891.0,140.40899066628054,20.63580778216205
Hungary,HUN,1979,41023.0,44891.0,-8.616426455191464,-61.98828783751228
Hungary,HUN,1980,97591.0,44891.0,117.3954690249716,137.89337688613705
Hungary,HUN,1981,75521.0,44891.0,68.23193958699963,-22.614790298285705
Hungary,HUN,1982,85352.0,44891.0,90.13165222427658,13.01757127156684
Hungary,HUN,1983,92631.0,44891.0,106.34648370497428,8.52821257849845
Hungary,HUN,1984,92203.0,44891.0,105.39306319752288,-0.4620483423475985
Hungary,HUN,1985,85290.0,44891.0,89.99353990777661,-7.497586846414972
Hungary,HUN,1986,121491.0,44891.0,170.63553941770064,42.44460077383045
Hungary,HUN,1987,108255.0,44891.0,141.15078746296587,-10.894634170432385
Hungary,HUN,1988,81909.0,44891.0,82.46196342251231,-24.33698212553692
Hungary,HUN,1989,98000.0,44891.0,118.30656479026976,19.644971859014284
Hungary,HUN,1990,105608.0,44891.0,135.2542825956205,7.763265306122458
Hungary,HUN,1991,111700.0,44891.0,148.82493150074626,5.768502386182872
Hungary,HUN,1992,44319.0,44891.0,-1.274197500612595,-60.32318710832587
Hungary,HUN,1993,22327.0,44891.0,-50.26397273395558,-49.62205825943726
Hungary,HUN,1994,53135.0,44891.0,18.364482858479427,137.9853988444484
Hungary,HUN,1995,88718.0,44891.0,97.62981443941992,66.9671591229886
Hungary,HUN,1996,137613.0,44891.0,206.5491969437081,55.112829414549466
Hungary,HUN,1997,144816.0,44891.0,222.59472945579293,5.234243857775067
Hungary,HUN,1998,73035.0,44891.0,62.69408121895257,-49.56703679151475
Hungary,HUN,1999,327937.0,44891.0,630.5183667104765,349.0134866844664
Hungary,HUN,2000,179319.0,44891.0,299.4542335880243,-45.31907043121088
Hungary,HUN,2001,205123.0,44891.0,356.9356886681072,14.3899977135719
Hungary,HUN,2002,207528.0,44891.0,362.29310997750105,1.1724672513565126
Hungary,HUN,2003,108059.0,44891.0,140.7141743333853,-47.9303997532863
Hungary,HUN,2004,290551.0,44891.0,547.2366398609967,168.88181456426582
Hungary,HUN,2005,282713.0,44891.0,529.7765699137913,-2.6976331177658963
Hungary,HUN,2006,338006.0,44891.0,652.9482524336727,19.55799697926872
Hungary,HUN,2007,485901.0,44891.0,982.4018177362948,43.75514044129394
Hungary,HUN,2008,654706.0,44891.0,1358.4348755875344,34.74061588677528
Hungary,HUN,2009,579365.0,44891.0,1190.6039072419862,-11.507607995038994
Hungary,HUN,2010,530619.0,44891.0,1082.0164398208994,-8.4136943032458
Hungary,HUN,2011,526712.0,44891.0,1073.3131362633935,-0.7363098569783566
Hungary,HUN,2012,414640.0,44891.0,823.6595308636475,-21.27766217591397
Hungary,HUN,2013,532510.0,44891.0,1086.2288654741485,28.427069264904503
Hungary,HUN,2014,699750.0,44891.0,1458.775701142768,31.405982986235003
Hungary,HUN,2015,590444.0,44891.0,1215.283687153327,-15.62072168631654
Hungary,HUN,2016,924988.0,44891.0,1960.5199260430825,56.65973403066167
Hungary,HUN,2017,932139.0,44891.0,1976.449622418748,0.7730911103711602
Hungary,HUN,2018,1002710.0,44891.0,2133.6548528658304,7.570866576765911
Hungary,HUN,2019,912120.0,44891.0,1931.854937515315,-9.03451646039234
Hungary,HUN,2020,876900.0,44891.0,1853.3982312713013,-3.8613340349954006
Hungary,HUN,2021,734020.0,44891.0,1535.1161702791203,-16.29376211654693
Hungary,HUN,2022,505050.0,44891.0,1025.0584749727118,-31.19397291626931
Hungary,HUN,2023,626410.0,44891.0,1295.402196431356,24.029304029304036
Hungary,HUN,2024,450360.0,44891.0,903.2300461116928,-28.104596031353267
Ireland,IRL,1974,0.0,0.0,,
Ireland,IRL,1975,300.0,0.0,,inf
Ireland,IRL,1976,300.0,0.0,,0.0
Ireland,IRL,1977,500.0,0.0,,66.66666666666667
Ireland,IRL,1978,500.0,0.0,,0.0
Ireland,IRL,1979,400.0,0.0,,-20.0
Ireland,IRL,1980,1000.0,0.0,,150.0
Ireland,IRL,1981,2000.0,0.0,,100.0
Ireland,IRL,1982,4500.0,0.0,,125.0
Ireland,IRL,1983,4000.0,0.0,,-11.111111111111116
Ireland,IRL,1984,15000.0,0.0,,275.0
Ireland,IRL,1985,14000.0,0.0,,-6.666666666666665
Ireland,IRL,1986,6000.0,0.0,,-57.14285714285714
Ireland,IRL,1987,16000.0,0.0,,166.66666666666666
Ireland,IRL,1988,12000.0,0.0,,-25.0
Ireland,IRL,1989,10000.0,0.0,,-16.666666666666664
Ireland,IRL,1990,20000.0,0.0,,100.0
Ireland,IRL,1991,23000.0,0.0,,14.999999999999991
Ireland,IRL,1992,18000.0,0.0,,-21.73913043478261
Ireland,IRL,1993,9000.0,0.0,,-50.0
Ireland,IRL,1994,17000.0,0.0,,88.88888888888889
Ireland,IRL,1995,13000.0,0.0,,-23.529411764705888
Ireland,IRL,1996,10000.0,0.0,,-23.076923076923077
Ireland,IRL,1997,12000.0,0.0,,20.0
Ireland,IRL,1998,17000.0,0.0,,41.66666666666667
Ireland,IRL,1999,5000.0,0.0,,-70.58823529411764
Ireland,IRL,2000,8600.0,0.0,,72.0
Ireland,IRL,2001,7300.0,0.0,,-15.116279069767447
Ireland,IRL,2002,6700.0,0.0,,-8.21917808219178
Ireland,IRL,2003,7200.0,0.0,,7.462686567164178
Ireland,IRL,2004,6700.0,0.0,,-6.944444444444442
Ireland,IRL,2005,14200.0,0.0,,111.94029850746269
Ireland,IRL,2006,17900.0,0.0,,26.056338028169023
Ireland,IRL,2007,31900.0,0.0,,78.21229050279331
Ireland,IRL,2008,20300.0,0.0,,-36.36363636363637
Ireland,IRL,2009,23700.0,0.0,,16.748768472906406
Ireland,IRL,2010,28100.0,0.0,,18.565400843881854
Ireland,IRL,2011,55900.0,0.0,,98.932384341637
Ireland,IRL,2012,58700.0,0.0,,5.008944543828275
Ireland,IRL,2013,49200.0,0.0,,-16.1839863713799
Ireland,IRL,2014,34200.0,0.0,,-30.487804878048784
Ireland,IRL,2015,39900.0,0.0,,16.666666666666675
Ireland,IRL,2016,34100.0,0.0,,-14.536340852130325
Ireland,IRL,2017,41723.0,0.0,,22.354838709677427
Ireland,IRL,2018,40280.0,0.0,,-3.458524075449987
Ireland,IRL,2019,37490.0,0.0,,-6.926514399205564
Ireland,IRL,2020,44130.0,0.0,,17.711389703921053
Ireland,IRL,2021,51160.0,0.0,,15.930206208928176
Ireland,IRL,2022,76890.0,0.0,,50.29319781078967
Ireland,IRL,2023,94110.0,0.0,,22.395630120952003
Ireland,IRL,2024,65620.0,0.0,,-30.273084688130915
Italy,ITA,1974,3030.0,3030.0,0.0,
Italy,ITA,1975,2470.0,3030.0,-18.48184818481848,-18.48184818481848
Italy,ITA,1976,1690.0,3030.0,-44.22442244224423,-31.57894736842105
Italy,ITA,1977,930.0,3030.0,-69.3069306930693,-44.97041420118343
Italy,ITA,1978,1130.0,3030.0,-62.70627062706271,21.505376344086024
Italy,ITA,1979,830.0,3030.0,-72.60726072607261,-26.54867256637168
Italy,ITA,1980,630.0,3030.0,-79.20792079207921,-24.09638554216868
Italy,ITA,1981,230.0,3030.0,-92.4092409240924,-63.49206349206349
Italy,ITA,1982,150.0,3030.0,-95.04950495049503,-34.78260869565217
Italy,ITA,1983,530.0,3030.0,-82.50825082508251,253.3333333333333
Italy,ITA,1984,5100.0,3030.0,68.31683168316832,862.2641509433961
Italy,ITA,1985,12600.0,3030.0,315.84158415841586,147.05882352941177
Italy,ITA,1986,44010.0,3030.0,1352.4752475247524,249.28571428571428
Italy,ITA,1987,67830.0,3030.0,2138.6138613861385,54.12406271301977
Italy,ITA,1988,50510.0,3030.0,1566.9966996699668,-25.53442429603421
Italy,ITA,1989,40400.0,3030.0,1233.3333333333337,-20.015838447832117
Italy,ITA,1990,43700.0,3030.0,1342.244224422442,8.168316831683175
Italy,ITA,1991,35500.0,3030.0,1071.6171617161715,-18.76430205949656
Italy,ITA,1992,18879.0,3030.0,523.0693069306931,-46.81971830985916
Italy,ITA,1993,12966.0,3030.0,327.9207920792079,-31.32051485777848
Italy,ITA,1994,29228.0,3030.0,864.6204620462047,125.42033009409224
Italy,ITA,1995,95833.0,3030.0,3062.8052805280527,227.8807992336116
Italy,ITA,1996,90595.0,3030.0,2889.93399339934,-5.465758141767452
Italy,ITA,1997,59815.0,3030.0,1874.092409240924,-33.97538495501959
Italy,ITA,1998,54017.0,3030.0,1682.7392739273928,-9.693220764022405
Italy,ITA,1999,58500.0,3030.0,1830.6930693069307,8.299239128422542
Italy,ITA,2000,41016.0,3030.0,1253.6633663366335,-29.887179487179484
Italy,ITA,2001,32000.0,3030.0,956.105610561056,-21.98166569143749
Italy,ITA,2002,13440.0,3030.0,343.5643564356436,-58.00000000000001
Italy,ITA,2003,6636.0,3030.0,119.009900990099,-50.625
Italy,ITA,2004,5180.0,3030.0,70.95709570957096,-21.940928270042196
Italy,ITA,2005,6079.0,3030.0,100.62706270627062,17.35521235521236
Italy,ITA,2006,5961.0,3030.0,96.73267326732672,-1.9411087349893053
Italy,ITA,2007,14884.0,3030.0,391.2211221122112,149.68964938768664
Italy,ITA,2008,32659.0,3030.0,977.854785478548,119.42354205858638
Italy,ITA,2009,50200.0,3030.0,1556.7656765676568,53.70954407667106
Italy,ITA,2010,50300.0,3030.0,1560.06600660066,0.1992031872509958
Italy,ITA,2011,44033.0,3030.0,1353.2343234323432,-12.459244532803185
Italy,ITA,2012,25191.6,3030.0,731.4059405940593,-42.789271682601694
Italy,ITA,2013,40242.2,3030.0,1228.125412541254,59.74451801394116
Italy,ITA,2014,41632.8,3030.0,1274.0198019801985,3.4555764843870573
Italy,ITA,2015,28073.1,3030.0,826.5049504950495,-32.5697526949905
Italy,ITA,2016,34825.0,3030.0,1049.3399339933994,24.051137922067745
Italy,ITA,2017,41444.0,3030.0,1267.7887788778878,19.00646087580762
Italy,ITA,2018,39700.0,3030.0,1210.2310231023102,-4.2080880223916655
Italy,ITA,2019,37990.0,3030.0,1153.7953795379535,-4.307304785894206
Italy,ITA,2020,48690.0,3030.0,1506.930693069307,28.16530665964727
Italy,ITA,2021,55160.0,3030.0,1720.4620462046205,13.288149517354686
Italy,ITA,2022,53970.0,3030.0,1681.1881188118812,-2.1573604060913687
Italy,ITA,2023,83510.0,3030.0,2656.105610561056,54.73411154345007
Italy,ITA,2024,80840.0,3030.0,2567.986798679868,-3.19722188959406
Latvia,LVA,1992,1440.0,,,
Latvia,LVA,1993,2460.0,,,70.83333333333333
Latvia,LVA,1994,1840.0,,,-25.20325203252033
Latvia,LVA,1995,910.0,,,-50.54347826086957
Latvia,LVA,1996,1270.0,,,39.56043956043956
Latvia,LVA,1997,540.0,,,-57.48031496062992
Latvia,LVA,1998,1600.0,,,196.29629629629628
Latvia,LVA,1999,11700.0,,,631.25
Latvia,LVA,2000,10000.0,,,-14.529914529914532
Latvia,LVA,2001,13000.0,,,30.000000000000004
Latvia,LVA,2002,32700.0,,,151.53846153846155
Latvia,LVA,2003,37400.0,,,14.3730886850153
Latvia,LVA,2004,103600.0,,,177.00534759358288
Latvia,LVA,2005,145700.0,,,40.63706563706564
Latvia,LVA,2006,120600.0,,,-17.227179135209337
Latvia,LVA,2007,196900.0,,,63.26699834162521
Latvia,LVA,2008,198500.0,,,0.8125952260030544
Latvia,LVA,2009,204700.0,,,3.123425692695214
Latvia,LVA,2010,226300.0,,,10.552027357107963
Latvia,LVA,2011,219100.0,,,-3.1816173221387523
Latvia,LVA,2012,303500.0,,,38.52122318575992
Latvia,LVA,2013,296600.0,,,-2.2734761120263625
Latvia,LVA,2014,185500.0,,,-37.45785569790965
Latvia,LVA,2015,293200.0,,,58.05929919137467
Latvia,LVA,2016,283000.0,,,-3.4788540245566213
Latvia,LVA,2017,326200.0,,,15.265017667844516
Latvia,LVA,2018,231100.0,,,-29.15389331698345
Latvia,LVA,2019,408300.0,,,76.67676330592816
Latvia,LVA,2020,455500.0,,,11.560127357335292
Latvia,LVA,2021,427900.0,,,-6.05927552140505
Latvia,LVA,2022,359100.0,,,-16.07852301939705
Latvia,LVA,2023,349500.0,,,-2.6733500417710943
Latvia,LVA,2024,250000.0,,,-28.469241773962807
Lithuania,LTU,1992,7600.0,,,
Lithuania,LTU,1993,3100.0,,,-59.210526315789465
Lithuania,LTU,1994,13200.0,,,325.8064516129032
Lithuania,LTU,1995,18900.0,,,43.18181818181819
Lithuania,LTU,1996,22600.0,,,19.576719576719583
Lithuania,LTU,1997,37200.0,,,64.60176991150442
Lithuania,LTU,1998,71900.0,,,93.27956989247312
Lithuania,LTU,1999,115100.0,,,60.08344923504867
Lithuania,LTU,2000,81000.0,,,-29.626411815812336
Lithuania,LTU,2001,64800.0,,,-20.0
Lithuania,LTU,2002,105600.0,,,62.96296296296296
Lithuania,LTU,2003,119500.0,,,13.162878787878784
Lithuania,LTU,2004,204700.0,,,71.2970711297071
Lithuania,LTU,2005,201200.0,,,-1.7098192476795335
Lithuania,LTU,2006,169600.0,,,-15.705765407554672
Lithuania,LTU,2007,311900.0,,,83.90330188679245
Lithuania,LTU,2008,330200.0,,,5.867265149086243
Lithuania,LTU,2009,415800.0,,,25.92368261659601
Lithuania,LTU,2010,416700.0,,,0.2164502164502257
Lithuania,LTU,2011,484300.0,,,16.222702183825287
Lithuania,LTU,2012,632900.0,,,30.68346066487715
Lithuania,LTU,2013,550600.0,,,-13.003634065413172
Lithuania,LTU,2014,501500.0,,,-8.917544496912456
Lithuania,LTU,2015,512162.0,,,2.1260219341973974
Lithuania,LTU,2016,399439.0,,,-22.009247074167934
Lithuania,LTU,2017,543518.0,,,36.07033864995657
Lithuania,LTU,2018,435900.0,,,-19.80026420468135
Lithuania,LTU,2019,692480.0,,,58.86212434044506
Lithuania,LTU,2020,972360.0,,,40.41705175600738
Lithuania,LTU,2021,909360.0,,,-6.479081821547572
Lithuania,LTU,2022,900950.0,,,-0.924826251429578
Lithuania,LTU,2023,819460.0,,,-9.0448970531106
Lithuania,LTU,2024,868000.0,,,5.92341297927903
Luxembourg,LUX,2000,8370.0,,,
Luxembourg,LUX,2001,8780.0,,,4.898446833930703
Luxembourg,LUX,2002,12522.0,,,42.61958997722096
Luxembourg,LUX,2003,12535.0,,,0.1038172815844173
Luxembourg,LUX,2004,16526.0,,,31.83885121659353
Luxembourg,LUX,2005,14704.0,,,-11.02505143410384
Luxembourg,LUX,2006,16250.0,,,10.514145810663766
Luxembourg,LUX,2007,18302.0,,,12.627692307692318
Luxembourg,LUX,2008,16493.0,,,-9.884165664954647
Luxembourg,LUX,2009,18132.0,,,9.937549263323842
Luxembourg,LUX,2010,15895.0,,,-12.337304213545108
Luxembourg,LUX,2011,15574.0,,,-2.019502988361121
Luxembourg,LUX,2012,15338.0,,,-1.5153460896365711
Luxembourg,LUX,2013,15259.0,,,-0.5150606337201769
Luxembourg,LUX,2014,15705.0,,,2.9228651943115525
Luxembourg,LUX,2015,13834.0,,,-11.91340337472142
Luxembourg,LUX,2016,10915.0,,,-21.10018794274975
Luxembourg,LUX,2017,11317.0,,,3.683005038937237
Luxembourg,LUX,2018,11180.0,,,-1.2105681717769712
Luxembourg,LUX,2019,10060.0,,,-10.017889087656528
Luxembourg,LUX,2020,8990.0,,,-10.63618290258449
Luxembourg,LUX,2021,4390.0,,,-51.16796440489433
Luxembourg,LUX,2022,7480.0,,,70.38724373576311
Luxembourg,LUX,2023,7930.0,,,6.016042780748654
Luxembourg,LUX,2024,9090.0,,,14.627994955863798
Moldova,MDA,1999,1200.0,,,
Moldova,MDA,2000,1100.0,,,-8.333333333333337
Moldova,MDA,2001,4225.39,,,284.12636363636364
Moldova,MDA,2002,1000.0,,,-76.33354554254164
Moldova,MDA,2003,7171.81,,,617.181
Moldova,MDA,2004,1073.0,,,-85.03864435895541
Moldova,MDA,2005,3275.0,,,205.21901211556383
Moldova,MDA,2006,6947.0,,,112.12213740458016
Moldova,MDA,2007,34180.0,,,392.0109399740896
Moldova,MDA,2008,95371.0,,,179.02574605032183
Moldova,MDA,2009,69136.0,,,-27.508362080716363
Moldova,MDA,2010,45000.0,,,-34.9109002545707
Moldova,MDA,2011,65000.0,,,44.44444444444444
Moldova,MDA,2012,59000.0,,,-9.230769230769232
Moldova,MDA,2013,70000.0,,,18.64406779661017
Moldova,MDA,2014,68171.0,,,-2.612857142857139
Moldova,MDA,2015,16159.0,,,-76.29637235774743
Moldova,MDA,2016,43191.0,,,167.2875796769602
Moldova,MDA,2017,71410.0,,,65.33537079484151
Moldova,MDA,2018,85607.0,,,19.880969051953517
Moldova,MDA,2019,77268.0,,,-9.741025850689775
Moldova,MDA,2020,47128.0,,,-39.00709219858156
Moldova,MDA,2021,92355.0,,,95.96630453233746
Moldova,MDA,2022,77378.0,,,-16.21677223756158
Moldova,MDA,2023,210949.0,,,172.62141694021557
Moldova,MDA,2024,86547.0,,,-58.97254786702
Netherlands,NLD,1974,44907.0,44907.0,0.0,
Netherlands,NLD,1975,36597.0,44907.0,-18.50491014763845,-18.50491014763845
Netherlands,NLD,1976,34207.0,44907.0,-23.827020286369606,-6.530589939066045
Netherlands,NLD,1977,30401.0,44907.0,-32.30231367047453,-11.126377642003094
Netherlands,NLD,1978,23450.0,44907.0,-47.780969559311465,-22.86437946120193
Netherlands,NLD,1979,18100.0,44907.0,-59.694479702496274,-22.81449893390192
Netherlands,NLD,1980,28503.0,44907.0,-36.52882624089786,57.47513812154696
Netherlands,NLD,1981,37205.0,44907.0,-17.15100095753446,30.53011963652949
Netherlands,NLD,1982,33336.0,44907.0,-25.76658427416661,-10.399139900551004
Netherlands,NLD,1983,37976.0,44907.0,-15.43411940232035,13.918886489080885
Netherlands,NLD,1984,37771.0,44907.0,-15.890618389115282,-0.5398146197598486
Netherlands,NLD,1985,30580.0,44907.0,-31.903712116151155,-19.03841571576077
Netherlands,NLD,1986,20144.0,44907.0,-55.14285078050193,-34.12688031393068
Netherlands,NLD,1987,30963.0,44907.0,-31.05083839935868,53.708300238284345
Netherlands,NLD,1988,24000.0,44907.0,-46.55621618010555,-22.48813099505862
Netherlands,NLD,1989,23000.0,44907.0,-48.78304050593449,-4.166666666666663
Netherlands,NLD,1990,26000.0,44907.0,-42.10256752844768,13.043478260869556
Netherlands,NLD,1991,20995.0,44907.0,-53.24782327922151,-19.25
Netherlands,NLD,1992,13801.0,44907.0,-69.26759747923487,-34.265301262205284
Netherlands,NLD,1993,7800.0,44907.0,-82.6307702585343,-43.48235635098906
Netherlands,NLD,1994,4000.0,44907.0,-91.09270269668426,-48.71794871794872
Netherlands,NLD,1995,5000.0,44907.0,-88.86587837085533,25.0
Netherlands,NLD,1996,3000.0,44907.0,-93.3195270225132,-40.0
Netherlands,NLD,1997,1969.0,44907.0,-95.61538290244285,-34.36666666666667
Netherlands,NLD,1998,2700.0,44907.0,-93.98757432026188,37.125444388014216
Netherlands,NLD,1999,4465.0,44907.0,-90.0572293851738,65.37037037037037
Netherlands,NLD,2000,2900.0,44907.0,-93.5422094550961,-35.05039193729004
Netherlands,NLD,2001,2401.0,44907.0,-94.65339479368473,-17.20689655172414
Netherlands,NLD,2002,1455.0,44907.0,-96.7599706059189,-39.40024989587671
Netherlands,NLD,2003,3363.0,44907.0,-92.51118979223727,131.1340206185567
Netherlands,NLD,2004,7500.0,44907.0,-83.29881755628298,123.01516503122212
Netherlands,NLD,2005,7736.0,44907.0,-82.77328701538735,3.1466666666666754
Netherlands,NLD,2006,11600.0,44907.0,-74.16883782038435,49.9482936918304
Netherlands,NLD,2007,11800.0,44907.0,-73.72347295521855,1.724137931034475
Netherlands,NLD,2008,9500.0,44907.0,-78.84516890462511,-19.491525423728817
Netherlands,NLD,2009,11964.0,44907.0,-73.35827376578263,25.936842105263143
Netherlands,NLD,2010,11521.0,44907.0,-74.34475694212483,-3.7027749916415886
Netherlands,NLD,2011,6757.0,44907.0,-84.95334803037389,-41.35057720683969
Netherlands,NLD,2012,7475.0,44907.0,-83.3544881644287,10.62601746337133
Netherlands,NLD,2013,10275.0,44907.0,-77.11938005210769,37.45819397993311
Netherlands,NLD,2014,10221.0,44907.0,-77.23962856570246,-0.5255474452554698
Netherlands,NLD,2015,8852.0,44907.0,-80.28815106776226,-13.393992760003917
Netherlands,NLD,2016,5279.0,44907.0,-88.24459438394905,-40.36375960234975
Netherlands,NLD,2017,7894.0,44907.0,-82.42144877190638,49.535896950179946
Netherlands,NLD,2018,5820.0,44907.0,-87.03988242367559,-26.27311882442361
Netherlands,NLD,2019,6010.0,44907.0,-86.6167858017681,3.264604810996574
Netherlands,NLD,2020,5920.0,44907.0,-86.81719999109269,-1.4975041597337757
Netherlands,NLD,2021,4390.0,44907.0,-90.22424120961098,-25.844594594594597
Netherlands,NLD,2022,7170.0,44907.0,-84.03366958380654,63.32574031890661
Netherlands,NLD,2023,7860.0,44907.0,-82.49716079898457,9.623430962343104
Netherlands,NLD,2024,4440.0,44907.0,-90.11289999331952,-43.51145038167938
North Macedonia,MKD,1992,3000.0,,,
North Macedonia,MKD,1993,162.0,,,-94.6
North Macedonia,MKD,1994,761.0,,,369.75308641975306
North Macedonia,MKD,1995,90.0,,,-88.17345597897503
North Macedonia,MKD,1996,3551.0,,,3845.555555555556
North Macedonia,MKD,1997,2880.0,,,-18.896085609687407
North Macedonia,MKD,1998,651.0,,,-77.39583333333333
North Macedonia,MKD,1999,1500.0,,,130.4147465437788
North Macedonia,MKD,2000,2614.0,,,74.26666666666665
North Macedonia,MKD,2001,110.0,,,-95.79188982402448
North Macedonia,MKD,2002,300.0,,,172.72727272727272
North Macedonia,MKD,2003,767.0,,,155.66666666666666
North Macedonia,MKD,2004,2284.0,,,197.7835723598436
North Macedonia,MKD,2005,660.0,,,-71.10332749562171
North Macedonia,MKD,2006,200.0,,,-69.6969696969697
North Macedonia,MKD,2007,23.0,,,-88.5
North Macedonia,MKD,2008,500.0,,,2073.913043478261
North Macedonia,MKD,2009,1501.0,,,200.2
North Macedonia,MKD,2010,4985.0,,,232.11192538307796
North Macedonia,MKD,2011,3626.0,,,-27.2617853560682
North Macedonia,MKD,2012,4688.0,,,29.288472145615007
North Macedonia,MKD,2013,5010.0,,,6.868600682593851
North Macedonia,MKD,2014,7448.0,,,48.6626746506986
North Macedonia,MKD,2015,4133.0,,,-44.50859291084856
North Macedonia,MKD,2016,216.0,,,-94.77377207839342
North Macedonia,MKD,2017,6124.0,,,2735.185185185185
North Macedonia,MKD,2018,213.0,,,-96.52188112344872
North Macedonia,MKD,2019,124.0,,,-41.78403755868545
North Macedonia,MKD,2020,149.0,,,20.161290322580648
North Macedonia,MKD,2021,502.0,,,236.91275167785236
North Macedonia,MKD,2022,277.0,,,-44.82071713147411
North Macedonia,MKD,2023,282.0,,,1.805054151624552
North Macedonia,MKD,2024,413.0,,,46.453900709219866
Norway,NOR,1974,6700.0,6700.0,0.0,
Norway,NOR,1975,6900.0,6700.0,2.985074626865672,2.9850746268656803
Norway,NOR,1976,8538.0,6700.0,27.432835820895523,23.739130434782616
Norway,NOR,1977,9489.0,6700.0,41.62686567164179,11.138439915671118
Norway,NOR,1978,8555.0,6700.0,27.686567164179102,-9.842976077563492
Norway,NOR,1979,8600.0,6700.0,28.35820895522388,0.5260081823495133
Norway,NOR,1980,9500.0,6700.0,41.7910447761194,10.465116279069765
Norway,NOR,1981,10500.0,6700.0,56.71641791044776,10.526315789473696
Norway,NOR,1982,13300.0,6700.0,98.50746268656717,26.66666666666666
Norway,NOR,1983,12086.0,6700.0,80.38805970149254,-9.127819548872186
Norway,NOR,1984,18600.0,6700.0,177.61194029850748,53.89707099122951
Norway,NOR,1985,12600.0,6700.0,88.05970149253731,-32.25806451612904
Norway,NOR,1986,10570.0,6700.0,57.76119402985075,-16.11111111111111
Norway,NOR,1987,10974.0,6700.0,63.7910447761194,3.822138126773877
Norway,NOR,1988,9072.0,6700.0,35.40298507462686,-17.331875341716785
Norway,NOR,1989,9900.0,6700.0,47.76119402985074,9.126984126984116
Norway,NOR,1990,9325.0,6700.0,39.17910447761194,-5.808080808080806
Norway,NOR,1991,5540.0,6700.0,-17.313432835820898,-40.58981233243968
Norway,NOR,1992,7652.0,6700.0,14.2089552238806,38.12274368231048
Norway,NOR,1993,15110.0,6700.0,125.52238805970148,97.46471510716152
Norway,NOR,1994,13131.0,6700.0,95.98507462686568,-13.097286565188616
Norway,NOR,1995,17120.0,6700.0,155.52238805970148,30.3784936410022
Norway,NOR,1996,12200.0,6700.0,82.08955223880598,-28.738317757009348
Norway,NOR,1997,11870.0,6700.0,77.16417910447761,-2.704918032786885
Norway,NOR,1998,9820.0,6700.0,46.56716417910447,-17.270429654591403
Norway,NOR,1999,10380.0,6700.0,54.92537313432836,5.702647657841142
Norway,NOR,2000,9080.0,6700.0,35.52238805970149,-12.524084778420042
Norway,NOR,2001,19280.0,6700.0,187.7611940298508,112.33480176211457
Norway,NOR,2002,17845.0,6700.0,166.34328358208955,-7.442946058091282
Norway,NOR,2003,11320.0,6700.0,68.95522388059702,-36.564864107593166
Norway,NOR,2004,12300.0,6700.0,83.5820895522388,8.657243816254411
Norway,NOR,2005,11230.0,6700.0,67.61194029850746,-8.699186991869922
Norway,NOR,2006,9550.0,6700.0,42.53731343283582,-14.95992876224399
Norway,NOR,2007,9010.0,6700.0,34.47761194029851,-5.6544502617801085
Norway,NOR,2008,9800.0,6700.0,46.26865671641791,8.76803551609322
Norway,NOR,2009,6860.0,6700.0,2.388059701492537,-30.000000000000004
Norway,NOR,2010,10200.0,6700.0,52.23880597014925,48.68804664723032
Norway,NOR,2011,8610.0,6700.0,28.50746268656717,-15.588235294117649
Norway,NOR,2012,11335.0,6700.0,69.17910447761194,31.649245063879206
Norway,NOR,2013,6040.0,6700.0,-9.850746268656716,-46.71371857079841
Norway,NOR,2014,9700.0,6700.0,44.776119402985074,60.59602649006624
Norway,NOR,2015,10400.0,6700.0,55.223880597014926,7.216494845360821
Norway,NOR,2016,11450.0,6700.0,70.8955223880597,10.096153846153854
Norway,NOR,2017,10300.0,6700.0,53.73134328358209,-10.043668122270743
Norway,NOR,2018,7250.0,6700.0,8.208955223880597,-29.61165048543689
Norway,NOR,2019,15000.0,6700.0,123.88059701492536,106.89655172413796
Norway,NOR,2020,7180.0,6700.0,7.164179104477612,-52.13333333333333
Norway,NOR,2021,9000.0,6700.0,34.32835820895522,25.348189415041777
Norway,NOR,2022,9500.0,6700.0,41.7910447761194,5.555555555555558
Norway,NOR,2023,5000.0,6700.0,-25.37313432835821,-47.36842105263158
Norway,NOR,2024,6000.0,6700.0,-10.44776119402985,20.0
Poland,POL,1974,523000.0,523000.0,0.0,
Poland,POL,1975,726235.0,523000.0,38.859464627151056,38.85946462715104
Poland,POL,1976,979835.0,523000.0,87.348948374761,34.91982622704772
Poland,POL,1977,707991.0,523000.0,35.37112810707457,-27.74385483270142
Poland,POL,1978,691242.0,523000.0,32.16864244741874,-2.365708038661507
Poland,POL,1979,234221.0,523000.0,-55.21586998087954,-66.11591888224385
Poland,POL,1980,572232.0,523000.0,9.41338432122371,144.31284982986153
Poland,POL,1981,495377.0,523000.0,-5.281644359464628,-13.430741377623058
Poland,POL,1982,433531.0,523000.0,-17.106883365200765,-12.484632915940786
Poland,POL,1983,555440.0,523000.0,6.202676864244742,28.12001909898023
Poland,POL,1984,910634.0,523000.0,74.11739961759082,63.94822123001585
Poland,POL,1985,1072503.0,523000.0,105.06749521988527,17.775418005477505
Poland,POL,1986,1298190.0,523000.0,148.21988527724665,21.04301806148794
Poland,POL,1987,1186096.0,523000.0,126.7869980879541,-8.634637456766725
Poland,POL,1988,1199333.0,523000.0,129.31797323135757,1.1160142180734134
Poland,POL,1989,1585810.0,523000.0,203.2141491395793,32.224328022325736
Poland,POL,1990,1206035.0,523000.0,130.59942638623326,-23.94832924499152
Poland,POL,1991,1042744.0,523000.0,99.3774378585086,-13.53949097663003
Poland,POL,1992,758188.0,523000.0,44.96902485659656,-27.289152466952583
Poland,POL,1993,594428.0,523000.0,13.65736137667304,-21.59886466153513
Poland,POL,1994,755695.0,523000.0,44.4923518164436,27.129778543406434
Poland,POL,1995,1376599.0,523000.0,163.21204588910135,82.16330662502729
Poland,POL,1996,449305.0,523000.0,-14.090822179732312,-67.36122865119036
Poland,POL,1997,594899.0,523000.0,13.747418738049712,32.40426881517009
Poland,POL,1998,1099084.0,523000.0,110.14990439770555,84.75136115542301
Poland,POL,1999,1131867.0,523000.0,116.41816443594648,2.982756549999821
Poland,POL,2000,958145.0,523000.0,83.20172084130019,-15.348269717201756
Poland,POL,2001,1063638.0,523000.0,103.37246653919694,11.010128947080045
Poland,POL,2002,952737.0,523000.0,82.16768642447418,-10.42657370270712
Poland,POL,2003,792971.0,523000.0,51.61969407265774,-16.769160849216526
Poland,POL,2004,1632919.0,523000.0,212.22160611854684,105.92417629396284
Poland,POL,2005,1449756.0,523000.0,177.2,-11.216906656117054
Poland,POL,2006,1651525.0,523000.0,215.7791586998088,13.917445418401432
Poland,POL,2007,2129873.0,523000.0,307.2414913957935,28.964018104479194
Poland,POL,2008,2105840.0,523000.0,302.64627151051627,-1.128377137979586
Poland,POL,2009,2496825.0,523000.0,377.4043977055449,18.56670022413858
Poland,POL,2010,2228676.0,523000.0,326.1330783938814,-10.7395992910997
Poland,POL,2011,1861807.0,523000.0,255.9860420650096,-16.461298098063605
Poland,POL,2012,1865598.0,523000.0,256.71089866156785,0.2036193869719094
Poland,POL,2013,2677665.0,523000.0,411.9818355640536,43.52850935732136
Poland,POL,2014,3275806.0,523000.0,526.34913957935,22.3381565655151
Poland,POL,2015,2700776.0,523000.0,416.4007648183557,-17.553847816384728
Poland,POL,2016,2219270.0,523000.0,324.33460803059273,-17.828431532270727
Poland,POL,2017,2697265.0,523000.0,415.7294455066921,21.53838874945364
Poland,POL,2018,2105610.0,523000.0,302.6022944550669,-21.93536786337271
Poland,POL,2019,2268850.0,523000.0,333.81453154875715,7.752622755401051
Poland,POL,2020,2982880.0,523000.0,470.34034416826006,31.471009542279127
Poland,POL,2021,3050910.0,523000.0,483.34799235181646,2.280681757227909
Poland,POL,2022,3487070.0,523000.0,566.7437858508604,14.296062486274597
Poland,POL,2023,3575100.0,523000.0,583.5755258126195,2.524468966783
Poland,POL,2024,3124180.0,523000.0,497.3575525812619,-12.612794047718944
Romania,ROU,1974,13300.0,13300.0,0.0,
Romania,ROU,1975,17300.0,13300.0,30.07518796992481,30.07518796992481
Romania,ROU,1976,10900.0,13300.0,-18.045112781954884,-36.9942196531792
Romania,ROU,1977,5700.0,13300.0,-57.14285714285714,-47.70642201834863
Romania,ROU,1978,11100.0,13300.0,-16.541353383458645,94.73684210526316
Romania,ROU,1979,11200.0,13300.0,-15.789473684210526,0.9009009009008916
Romania,ROU,1980,18900.0,13300.0,42.10526315789473,68.75
Romania,ROU,1981,14200.0,13300.0,6.7669172932330826,-24.86772486772487
Romania,ROU,1982,12700.0,13300.0,-4.511278195488721,-10.563380281690138
Romania,ROU,1983,21900.0,13300.0,64.66165413533834,72.44094488188976
Romania,ROU,1984,56500.0,13300.0,324.812030075188,157.99086757990867
Romania,ROU,1985,35000.0,13300.0,163.1578947368421,-38.05309734513275
Romania,ROU,1986,13300.0,13300.0,0.0,-62.0
Romania,ROU,1987,7700.0,13300.0,-42.10526315789473,-42.10526315789473
Romania,ROU,1988,12500.0,13300.0,-6.015037593984962,62.33766233766234
Romania,ROU,1989,18000.0,13300.0,35.338345864661655,43.99999999999999
Romania,ROU,1990,10900.0,13300.0,-18.045112781954884,-39.44444444444445
Romania,ROU,1991,8764.0,13300.0,-34.10526315789474,-19.59633027522936
Romania,ROU,1992,1372.0,13300.0,-89.6842105263158,-84.34504792332268
Romania,ROU,1993,1355.0,13300.0,-89.81203007518796,-1.2390670553935834
Romania,ROU,1994,322.0,13300.0,-97.57894736842104,-76.23616236162361
Romania,ROU,1995,357.0,13300.0,-97.3157894736842,10.869565217391308
Romania,ROU,1996,1867.0,13300.0,-85.9624060150376,422.96918767507
Romania,ROU,1997,11646.0,13300.0,-12.43609022556391,523.7814675950723
Romania,ROU,1998,28742.0,13300.0,116.10526315789474,146.7971835823459
Romania,ROU,1999,108221.0,13300.0,713.6917293233082,276.52564191775105
Romania,ROU,2000,76126.0,13300.0,472.3759398496241,-29.65690577614326
Romania,ROU,2001,101789.0,13300.0,665.3308270676691,33.71121561621522
Romania,ROU,2002,35906.0,13300.0,169.9699248120301,-64.72506852410378
Romania,ROU,2003,8080.0,13300.0,-39.24812030075188,-77.49679719266976
Romania,ROU,2004,98661.0,13300.0,641.812030075188,1121.0519801980197
Romania,ROU,2005,147566.0,13300.0,1009.5187969924812,49.56872523084097
Romania,ROU,2006,175050.0,13300.0,1216.1654135338345,18.624886491468228
Romania,ROU,2007,361500.0,13300.0,2618.0451127819547,106.51242502142244
Romania,ROU,2008,673033.0,13300.0,4960.398496240602,86.17786998616874
Romania,ROU,2009,569611.0,13300.0,4182.789473684211,-15.366557063323793
Romania,ROU,2010,943033.0,13300.0,6990.473684210527,65.5573716097477
Romania,ROU,2011,738971.0,13300.0,5456.172932330827,-21.638903410591148
Romania,ROU,2012,157511.0,13300.0,1084.2932330827068,-78.68509048392968
Romania,ROU,2013,666097.0,13300.0,4908.248120300752,322.8891950403464
Romania,ROU,2014,1059121.0,13300.0,7863.315789473684,59.00401893417926
Romania,ROU,2015,919473.0,13300.0,6813.330827067669,-13.185273448453948
Romania,ROU,2016,1292779.0,13300.0,9620.142857142857,40.59999586719785
Romania,ROU,2017,1673327.0,13300.0,12481.406015037594,29.43643113014676
Romania,ROU,2018,1610910.0,13300.0,12012.105263157897,-3.730113719553918
Romania,ROU,2019,798220.0,13300.0,5901.654135338346,-50.44912502871048
Romania,ROU,2020,780160.0,13300.0,5765.864661654136,-2.262534138458072
Romania,ROU,2021,1375070.0,13300.0,10238.872180451128,76.2548707957342
Romania,ROU,2022,1229530.0,13300.0,9144.586466165414,-10.584188441315712
Romania,ROU,2023,1789670.0,13300.0,13356.165413533836,45.55724545151399
Romania,ROU,2024,1180840.0,13300.0,8778.496240601504,-34.019120843507466
Serbia,SRB,2006,7595.0,,,
Serbia,SRB,2007,29825.0,,,292.69256089532587
Serbia,SRB,2008,51907.0,,,74.03855825649623
Serbia,SRB,2009,44300.0,,,-14.655056158128964
Serbia,SRB,2010,24399.0,,,-44.92325056433408
Serbia,SRB,2011,44531.0,,,82.51157834337472
Serbia,SRB,2012,20076.0,,,-54.916799532909664
Serbia,SRB,2013,26992.0,,,34.44909344490934
Serbia,SRB,2014,31419.47,,,16.402897154712505
Serbia,SRB,2015,33402.0,,,6.309877283098664
Serbia,SRB,2016,39404.0,,,17.968983893180045
Serbia,SRB,2017,48740.0,,,23.693026088721947
Serbia,SRB,2018,135422.0,,,177.84571194091097
Serbia,SRB,2019,84310.55,,,-37.74235353192243
Serbia,SRB,2020,73667.62,,,-12.623485435689853
Serbia,SRB,2021,73496.0,,,-0.2329653109466534
Serbia,SRB,2022,87820.0,,,19.489496026994654
Serbia,SRB,2023,133753.0,,,52.30357549533136
Serbia,SRB,2024,97674.12,,,-26.974258521304197
Slovakia,SVK,1993,58002.0,,,
Slovakia,SVK,1994,94221.0,,,62.4443984690183
Slovakia,SVK,1995,148656.0,,,57.77374470659407
Slovakia,SVK,1996,142709.0,,,-4.000511247443761
Slovakia,SVK,1997,196420.0,,,37.63672928827193
Slovakia,SVK,1998,113446.0,,,-42.243152428469614
Slovakia,SVK,1999,237120.0,,,109.01574317296334
Slovakia,SVK,2000,133844.0,,,-43.55431848852902
Slovakia,SVK,2001,240629.0,,,79.78318041899526
Slovakia,SVK,2002,257307.0,,,6.931001666465808
Slovakia,SVK,2003,52962.0,,,-79.41680560575499
Slovakia,SVK,2004,262660.0,,,395.9404856312073
Slovakia,SVK,2005,235066.0,,,-10.505596588745902
Slovakia,SVK,2006,259650.0,,,10.458339360009528
Slovakia,SVK,2007,321100.0,,,23.666474099749667
Slovakia,SVK,2008,424444.0,,,32.18436624104641
Slovakia,SVK,2009,386691.0,,,-8.89469517769128
Slovakia,SVK,2010,322452.0,,,-16.6124890416379
Slovakia,SVK,2011,332155.0,,,3.0091300410603816
Slovakia,SVK,2012,212632.0,,,-35.98410380695759
Slovakia,SVK,2013,373960.0,,,75.8719289664773
Slovakia,SVK,2014,448857.8,,,20.028291795913987
Slovakia,SVK,2015,320626.0,,,-28.56846867760792
Slovakia,SVK,2016,430549.0,,,34.28386967993862
Slovakia,SVK,2017,448665.0,,,4.2076511616564005
Slovakia,SVK,2018,485290.0,,,8.163106103663086
Slovakia,SVK,2019,422230.0,,,-12.99429207278122
Slovakia,SVK,2020,445720.0,,,5.563318570447384
Slovakia,SVK,2021,424690.0,,,-4.718208740913576
Slovakia,SVK,2022,446600.0,,,5.159057194659633
Slovakia,SVK,2023,544030.0,,,21.815942678011638
Slovakia,SVK,2024,393540.0,,,-27.66207745896366
Slovenia,SVN,1992,5021.0,,,
Slovenia,SVN,1993,3926.0,,,-21.80840470025891
Slovenia,SVN,1994,5203.0,,,32.526744778400406
Slovenia,SVN,1995,732.0,,,-85.9311935421872
Slovenia,SVN,1996,327.0,,,-55.32786885245902
Slovenia,SVN,1997,121.0,,,-62.99694189602448
Slovenia,SVN,1998,155.0,,,28.099173553719005
Slovenia,SVN,1999,450.0,,,190.3225806451613
Slovenia,SVN,2000,305.0,,,-32.22222222222222
Slovenia,SVN,2001,1156.0,,,279.0163934426229
Slovenia,SVN,2002,5179.0,,,348.0103806228374
Slovenia,SVN,2003,4831.0,,,-6.719443908090361
Slovenia,SVN,2004,5418.0,,,12.150693438211558
Slovenia,SVN,2005,5352.0,,,-1.218161683277963
Slovenia,SVN,2006,4991.0,,,-6.745142002989535
Slovenia,SVN,2007,14740.0,,,195.3315968743739
Slovenia,SVN,2008,10949.0,,,-25.719131614654
Slovenia,SVN,2009,9845.0,,,-10.083112613024026
Slovenia,SVN,2010,15522.0,,,57.66378872524125
Slovenia,SVN,2011,13948.0,,,-10.140445818837772
Slovenia,SVN,2012,16692.0,,,19.673071408087186
Slovenia,SVN,2013,15113.0,,,-9.459621375509233
Slovenia,SVN,2014,19883.0,,,31.56223119168928
Slovenia,SVN,2015,3643.0,,,-81.67781521903133
Slovenia,SVN,2016,8590.0,,,135.79467471863848
Slovenia,SVN,2017,8999.0,,,4.761350407450515
Slovenia,SVN,2018,7660.0,,,-14.87943104789421
Slovenia,SVN,2019,9450.0,,,23.368146214099216
Slovenia,SVN,2020,8520.0,,,-9.84126984126984
Slovenia,SVN,2021,6910.0,,,-18.89671361502348
Slovenia,SVN,2022,7550.0,,,9.261939218523874
Slovenia,SVN,2023,7320.0,,,-3.0463576158940358
Slovenia,SVN,2024,8260.0,,,12.841530054644812
Spain,ESP,1974,2400.0,2400.0,0.0,
Spain,ESP,1975,3800.0,2400.0,58.333333333333336,58.33333333333333
Spain,ESP,1976,4000.0,2400.0,66.66666666666666,5.263157894736836
Spain,ESP,1977,7000.0,2400.0,191.66666666666669,75.0
Spain,ESP,1978,9000.0,2400.0,275.0,28.57142857142858
Spain,ESP,1979,12000.0,2400.0,400.0,33.33333333333333
Spain,ESP,1980,17000.0,2400.0,608.3333333333333,41.66666666666667
Spain,ESP,1981,14700.0,2400.0,512.5,-13.52941176470588
Spain,ESP,1982,14700.0,2400.0,512.5,0.0
Spain,ESP,1983,12500.0,2400.0,420.8333333333333,-14.965986394557827
Spain,ESP,1984,9560.0,2400.0,298.3333333333333,-23.52
Spain,ESP,1985,12216.0,2400.0,409.0,27.782426778242677
Spain,ESP,1986,6161.0,2400.0,156.70833333333334,-49.566142763588736
Spain,ESP,1987,11527.0,2400.0,380.2916666666666,87.09625060866742
Spain,ESP,1988,13756.0,2400.0,473.1666666666666,19.337208293571617
Spain,ESP,1989,17660.0,2400.0,635.8333333333334,28.380343123000863
Spain,ESP,1990,29744.0,2400.0,1139.3333333333333,68.42582106455266
Spain,ESP,1991,17100.0,2400.0,612.5,-42.50941366325982
Spain,ESP,1992,12823.0,2400.0,434.2916666666666,-25.011695906432752
Spain,ESP,1993,16809.0,2400.0,600.375,31.084769554706384
Spain,ESP,1994,55717.0,2400.0,2221.5416666666665,231.47123564756976
Spain,ESP,1995,51100.0,2400.0,2029.1666666666667,-8.286519374697132
Spain,ESP,1996,108000.0,2400.0,4400.0,111.35029354207435
Spain,ESP,1997,98596.0,2400.0,4008.1666666666665,-8.707407407407409
Spain,ESP,1998,71900.0,2400.0,2895.833333333333,-27.0761491338391
Spain,ESP,1999,57200.0,2400.0,2283.333333333333,-20.445062586926287
Spain,ESP,2000,49600.0,2400.0,1966.6666666666667,-13.286713286713292
Spain,ESP,2001,44100.0,2400.0,1737.5,-11.08870967741935
Spain,ESP,2002,10787.0,2400.0,349.4583333333333,-75.53968253968254
Spain,ESP,2003,5752.0,2400.0,139.66666666666669,-46.676555112635576
Spain,ESP,2004,8760.0,2400.0,265.0,52.29485396383866
Spain,ESP,2005,4113.0,2400.0,71.375,-53.04794520547945
Spain,ESP,2006,7926.0,2400.0,230.25000000000003,92.70605397520058
Spain,ESP,2007,34700.0,2400.0,1345.8333333333337,337.7996467322736
Spain,ESP,2008,20810.0,2400.0,767.0833333333334,-40.02881844380404
Spain,ESP,2009,34663.0,2400.0,1344.2916666666667,66.56895723209995
Spain,ESP,2010,35500.0,2400.0,1379.1666666666663,2.4146784756079898
Spain,ESP,2011,63902.0,2400.0,2562.583333333333,80.00563380281692
Spain,ESP,2012,53447.0,2400.0,2126.958333333333,-16.360990266345343
Spain,ESP,2013,107700.0,2400.0,4387.5,101.50803599827869
Spain,ESP,2014,104262.0,2400.0,4244.25,-3.1922005571030643
Spain,ESP,2015,149198.0,2400.0,6116.583333333333,43.099115689321145
Spain,ESP,2016,225165.0,2400.0,9281.875,50.91690237134545
Spain,ESP,2017,153665.0,2400.0,6302.708333333333,-31.75449115093376
Spain,ESP,2018,179980.0,2400.0,7399.166666666666,17.12491458692611
Spain,ESP,2019,144770.0,2400.0,5932.083333333333,-19.563284809423266
Spain,ESP,2020,196100.0,2400.0,8070.833333333333,35.456240933895145
Spain,ESP,2021,238530.0,2400.0,9838.75,21.63691993880674
Spain,ESP,2022,254590.0,2400.0,10507.916666666666,6.732905714165938
Spain,ESP,2023,170840.0,2400.0,7018.333333333334,-32.8960289092266
Spain,ESP,2024,224790.0,2400.0,9266.25,31.57925544369
Sweden,SWE,1974,351210.0,351210.0,0.0,
Sweden,SWE,1975,326560.0,351210.0,-7.018592864667863,-7.018592864667861
Sweden,SWE,1976,278740.0,351210.0,-20.63437829218985,-14.643557079862813
Sweden,SWE,1977,267250.0,351210.0,-23.905925229919426,-4.1221209729497055
Sweden,SWE,1978,327530.0,351210.0,-6.742404829019674,22.555659494855007
Sweden,SWE,1979,297100.0,351210.0,-15.406736710230346,-9.29075199218392
Sweden,SWE,1980,322920.0,351210.0,-8.055009823182711,8.690676539885555
Sweden,SWE,1981,319140.0,351210.0,-9.131288972409669,-1.170568561872909
Sweden,SWE,1982,369000.0,351210.0,5.065345519774493,15.62323745064862
Sweden,SWE,1983,373000.0,351210.0,6.204265254406196,1.084010840108407
Sweden,SWE,1984,381700.0,351210.0,8.681415677230147,2.3324396782841816
Sweden,SWE,1985,370800.0,351210.0,5.57785940035876,-2.85564579512706
Sweden,SWE,1986,373500.0,351210.0,6.346630221235158,0.728155339805836
Sweden,SWE,1987,250200.0,351210.0,-28.760570598787048,-33.01204819277108
Sweden,SWE,1988,287000.0,351210.0,-18.282509040175395,14.70823341326939
Sweden,SWE,1989,422100.0,351210.0,20.184504997010336,47.073170731707314
Sweden,SWE,1990,422000.0,351210.0,20.156032003644544,-0.0236910684671909
Sweden,SWE,1991,289000.0,351210.0,-17.713049172859545,-31.51658767772512
Sweden,SWE,1992,283000.0,351210.0,-19.421428774807094,-2.076124567474047
Sweden,SWE,1993,361000.0,351210.0,2.78750605051109,27.561837455830386
Sweden,SWE,1994,214000.0,351210.0,-39.06779419720395,-40.7202216066482
Sweden,SWE,1995,196100.0,351210.0,-44.164460009680816,-8.364485981308412
Sweden,SWE,1996,132900.0,351210.0,-62.15939181686171,-32.22845486996431
Sweden,SWE,1997,121000.0,351210.0,-65.54767802739102,-8.954100827689992
Sweden,SWE,1998,123500.0,351210.0,-64.83585319324621,2.066115702479343
Sweden,SWE,1999,162100.0,351210.0,-53.84527775405028,31.255060728744933
Sweden,SWE,2000,121500.0,351210.0,-65.40531306056205,-25.04626773596545
Sweden,SWE,2001,106000.0,351210.0,-69.81862703225991,-12.757201646090532
Sweden,SWE,2002,159200.0,351210.0,-54.67099456165827,50.18867924528303
Sweden,SWE,2003,129500.0,351210.0,-63.12747359129865,-18.655778894472363
Sweden,SWE,2004,227500.0,351210.0,-35.22394009282196,75.67567567567568
Sweden,SWE,2005,198200.0,351210.0,-43.56652714899917,-12.879120879120876
Sweden,SWE,2006,220400.0,351210.0,-37.24552262179323,11.200807265388502
Sweden,SWE,2007,222400.0,351210.0,-36.67606275447738,0.907441016333932
Sweden,SWE,2008,259400.0,351210.0,-26.141055209134134,16.636690647482013
Sweden,SWE,2009,298400.0,351210.0,-15.036587796475043,15.034695451040855
Sweden,SWE,2010,276200.0,351210.0,-21.357592323680983,-7.439678284182305
Sweden,SWE,2011,247500.0,351210.0,-29.529341419663453,-10.391020999275892
Sweden,SWE,2012,317800.0,351210.0,-9.51282708351129,28.40404040404041
Sweden,SWE,2013,327500.0,351210.0,-6.750946727029413,3.0522341095028382
Sweden,SWE,2014,322700.0,351210.0,-8.117650408587455,-1.4656488549618318
Sweden,SWE,2015,359000.0,351210.0,2.21804618319524,11.248837929965916
Sweden,SWE,2016,268100.0,351210.0,-23.663904786310187,-25.32033426183844
Sweden,SWE,2017,362700.0,351210.0,3.271546937729564,35.285341290563224
Sweden,SWE,2018,217700.0,351210.0,-38.014293442669626,-39.97794320374965
Sweden,SWE,2019,381500.0,351210.0,8.624469690498563,75.2411575562701
Sweden,SWE,2020,339300.0,351210.0,-3.391133509865892,-11.061598951507213
Sweden,SWE,2021,343500.0,351210.0,-2.1952677885026053,1.2378426171529622
Sweden,SWE,2022,427500.0,351210.0,21.72204663876313,24.45414847161571
Sweden,SWE,2023,304900.0,351210.0,-13.185843227698529,-28.678362573099413
Sweden,SWE,2024,283600.0,351210.0,-19.25059081461234,-6.9858970154148885
Switzerland,CHE,1974,27998.0,27998.0,0.0,
Switzerland,CHE,1975,18459.0,27998.0,-34.0702907350525,-34.0702907350525
Switzerland,CHE,1976,23800.0,27998.0,-14.993928137724122,28.934395145999247
Switzerland,CHE,1977,21555.0,27998.0,-23.012358025573253,-9.432773109243698
Switzerland,CHE,1978,27562.0,27998.0,-1.557254089577827,27.868244026907902
Switzerland,CHE,1979,30604.0,27998.0,9.307807700550038,11.036934910383868
Switzerland,CHE,1980,34050.0,27998.0,21.61582970212158,11.259966017514046
Switzerland,CHE,1981,34199.0,27998.0,22.148010572183725,0.4375917767988291
Switzerland,CHE,1982,36623.0,27998.0,30.80577184084577,7.087926547559875
Switzerland,CHE,1983,31882.0,27998.0,13.872419458532754,-12.945416814570075
Switzerland,CHE,1984,42954.0,27998.0,53.41810129294949,34.728059720218305
Switzerland,CHE,1985,39085.0,27998.0,39.599257089792125,-9.007310145737302
Switzerland,CHE,1986,40174.0,27998.0,43.488820630045005,2.7862351285659503
Switzerland,CHE,1987,49096.0,27998.0,75.35538252732337,22.20839348832577
Switzerland,CHE,1988,49989.0,27998.0,78.54489606400458,1.8188854489164183
Switzerland,CHE,1989,54310.0,27998.0,93.97814129580684,8.64390165836484
Switzerland,CHE,1990,43215.0,27998.0,54.35031073648118,-20.42901859694347
Switzerland,CHE,1991,50492.0,27998.0,80.34145296092578,16.839060511396497
Switzerland,CHE,1992,44634.0,27998.0,59.4185298949925,-11.601837914917212
Switzerland,CHE,1993,49579.0,27998.0,77.08050575041074,11.078998073217727
Switzerland,CHE,1994,34750.0,27998.0,24.116008286306165,-29.909840860041548
Switzerland,CHE,1995,49094.0,27998.0,75.34823915994,41.27769784172661
Switzerland,CHE,1996,48544.0,27998.0,73.38381312950925,-1.1202998329734817
Switzerland,CHE,1997,55181.0,27998.0,97.0890777912708,13.67213249835202
Switzerland,CHE,1998,51973.0,27998.0,85.63111650832202,-5.813595259237781
Switzerland,CHE,1999,42313.0,27998.0,51.12865204657475,-18.586573797933543
Switzerland,CHE,2000,42742.0,27998.0,52.66090435031073,1.0138728050480994
Switzerland,CHE,2001,39440.0,27998.0,40.86720480034288,-7.725422301249352
Switzerland,CHE,2002,48870.0,27998.0,74.54818201300093,23.909736308316432
Switzerland,CHE,2003,45300.0,27998.0,61.79727123365954,-7.305095150399021
Switzerland,CHE,2004,59100.0,27998.0,111.0865061790128,30.4635761589404
Switzerland,CHE,2005,58800.0,27998.0,110.0150010715051,-0.5076142131979711
Switzerland,CHE,2006,57900.0,27998.0,106.80048574898208,-1.530612244897955
Switzerland,CHE,2007,61000.0,27998.0,117.87270519322809,5.354058721934374
Switzerland,CHE,2008,62100.0,27998.0,121.8015572540896,1.80327868852459
Switzerland,CHE,2009,67000.0,27998.0,139.3028073433817,7.890499194847012
Switzerland,CHE,2010,67900.0,27998.0,142.51732266590471,1.3432835820895497
Switzerland,CHE,2011,74000.0,27998.0,164.30459318522753,8.98379970544918
Switzerland,CHE,2012,68977.0,27998.0,146.36402600185727,-6.78783783783784
Switzerland,CHE,2013,72510.0,27998.0,158.98278448460604,5.121997187468286
Switzerland,CHE,2014,93945.0,27998.0,235.5418244160297,29.561439801406703
Switzerland,CHE,2015,87004.0,27998.0,210.7507679119937,-7.388365533024643
Switzerland,CHE,2016,71900.0,27998.0,156.80405743267377,-17.360121373729942
Switzerland,CHE,2017,77612.0,27998.0,177.20551467961997,7.944367176634204
Switzerland,CHE,2018,77478.0,27998.0,176.7269090649332,-0.1726537133432959
Switzerland,CHE,2019,67843.0,27998.0,142.31373669547824,-12.43578822375384
Switzerland,CHE,2020,88083.0,27998.0,214.60461461532967,29.83358636852733
Switzerland,CHE,2021,77030.0,27998.0,175.12679477105507,-12.548391857679686
Switzerland,CHE,2022,92059.0,27998.0,228.8056289734981,19.510580293392188
Switzerland,CHE,2023,82291.0,27998.0,193.9174226730481,-10.6105866889712
Switzerland,CHE,2024,74435.0,27998.0,165.85827559111365,-9.546608985186712
Ukraine,UKR,1992,73160.0,,,
Ukraine,UKR,1993,44140.0,,,-39.6664844177146
Ukraine,UKR,1994,18300.0,,,-58.5410058903489
Ukraine,UKR,1995,39800.0,,,117.48633879781424
Ukraine,UKR,1996,23000.0,,,-42.21105527638191
Ukraine,UKR,1997,44000.0,,,91.30434782608695
Ukraine,UKR,1998,67160.0,,,52.63636363636364
Ukraine,UKR,1999,147890.0,,,120.2054794520548
Ukraine,UKR,2000,131800.0,,,-10.879707891000068
Ukraine,UKR,2001,134600.0,,,2.124430955993928
Ukraine,UKR,2002,60800.0,,,-54.82912332838039
Ukraine,UKR,2003,50900.0,,,-16.282894736842103
Ukraine,UKR,2004,148900.0,,,192.5343811394892
Ukraine,UKR,2005,284700.0,,,91.20214909335124
Ukraine,UKR,2006,605700.0,,,112.75026343519494
Ukraine,UKR,2007,1047400.0,,,72.92388971438007
Ukraine,UKR,2008,2872800.0,,,174.27916746228755
Ukraine,UKR,2009,1873300.0,,,-34.79184071289334
Ukraine,UKR,2010,1469700.0,,,-21.54486734639406
Ukraine,UKR,2011,1437500.0,,,-2.1909233176838794
Ukraine,UKR,2012,1204400.0,,,-16.215652173913043
Ukraine,UKR,2013,2351730.0,,,95.26154101627368
Ukraine,UKR,2014,2198020.0,,,-6.536039426294682
Ukraine,UKR,2015,1737600.0,,,-20.947034148915844
Ukraine,UKR,2016,1153910.0,,,-33.59173572744014
Ukraine,UKR,2017,2194790.0,,,90.2046086783198
Ukraine,UKR,2018,2750600.0,,,25.324062894399923
Ukraine,UKR,2019,3280320.0,,,19.25834363411618
Ukraine,UKR,2020,2557200.0,,,-22.04419081065262
Ukraine,UKR,2021,2938940.0,,,14.928046300641329
Ukraine,UKR,2022,3317980.0,,,12.8971670057912
Ukraine,UKR,2023,4183650.0,,,26.090271791873377
Ukraine,UKR,2024,3591300.0,,,-14.158689182890535
United Kingdom,GBR,1974,55883.0,55883.0,0.0,
United Kingdom,GBR,1975,61000.0,55883.0,9.15663081795895,9.156630817958945
United Kingdom,GBR,1976,111000.0,55883.0,98.6292790294007,81.9672131147541
United Kingdom,GBR,1977,142000.0,55883.0,154.1023209204946,27.92792792792793
United Kingdom,GBR,1978,155000.0,55883.0,177.36520945546943,9.1549295774648
United Kingdom,GBR,1979,198000.0,55883.0,254.31168691730937,27.74193548387096
United Kingdom,GBR,1980,300000.0,55883.0,436.8358892686506,51.51515151515152
United Kingdom,GBR,1981,325000.0,55883.0,481.5722133743715,8.333333333333325
United Kingdom,GBR,1982,580000.0,55883.0,937.8827192527244,78.46153846153847
United Kingdom,GBR,1983,565000.0,55883.0,911.040924789292,-2.586206896551724
United Kingdom,GBR,1984,923000.0,55883.0,1551.6650859832148,63.36283185840708
United Kingdom,GBR,1985,891000.0,55883.0,1494.4025911278925,-3.4669555796316365
United Kingdom,GBR,1986,951000.0,55883.0,1601.7697689816223,6.734006734006726
United Kingdom,GBR,1987,1353000.0,55883.0,2321.129860601614,42.27129337539432
United Kingdom,GBR,1988,1040000.0,55883.0,1761.0310827979888,-23.133776792313377
United Kingdom,GBR,1989,948000.0,55883.0,1596.4014100889358,-8.846153846153848
United Kingdom,GBR,1990,1258000.0,55883.0,2151.131828999875,32.70042194092826
United Kingdom,GBR,1991,1283271.0,55883.0,2196.353094858902,2.008823529411763
United Kingdom,GBR,1992,1213121.0,55883.0,2070.8229694182487,-5.466499281913173
United Kingdom,GBR,1993,1084563.0,55883.0,1840.774475242918,-10.597294086904776
United Kingdom,GBR,1994,1242975.0,55883.0,2124.2452982123364,14.60606714409398
United Kingdom,GBR,1995,1234124.0,55883.0,2108.406850025947,-0.7120819002795709
United Kingdom,GBR,1996,1414751.0,55883.0,2431.630370595709,14.636049537971862
United Kingdom,GBR,1997,1526593.0,55883.0,2631.76636902099,7.90541939889069
United Kingdom,GBR,1998,1567873.0,55883.0,2705.6349873843565,2.704060610784942
United Kingdom,GBR,1999,1736644.0,55883.0,3007.642753610221,10.764328488340569
United Kingdom,GBR,2000,1156797.0,55883.0,1970.033820661024,-33.388938665610226
United Kingdom,GBR,2001,1157165.0,55883.0,1970.69233935186,0.0318119773823788
United Kingdom,GBR,2002,1467720.0,55883.0,2526.415904657946,26.83757286126007
United Kingdom,GBR,2003,1770754.0,55883.0,3068.6809942200666,20.64658109176136
United Kingdom,GBR,2004,1606834.0,55883.0,2775.353864323676,-9.25707354042402
United Kingdom,GBR,2005,1897723.0,55883.0,3295.886047635238,18.10323904024933
United Kingdom,GBR,2006,1890093.0,55883.0,3282.232521518172,-0.4020607854781755
United Kingdom,GBR,2007,2108121.0,55883.0,3672.383372403057,11.535305405607032
United Kingdom,GBR,2008,1973227.0,55883.0,3430.996904246372,-6.398778817724404
United Kingdom,GBR,2009,1912196.0,55883.0,3321.784800386522,-3.09295382639706
United Kingdom,GBR,2010,2230148.0,55883.0,3890.744949269008,16.627584201619495
United Kingdom,GBR,2011,2758302.0,55883.0,4835.851690138325,23.68246412345727
United Kingdom,GBR,2012,2556643.0,55883.0,4474.992394824902,-7.310983351351663
United Kingdom,GBR,2013,2128142.0,55883.0,3708.2100101998817,-16.760298563389576
United Kingdom,GBR,2014,2459576.0,55883.0,4301.2955639461015,15.573866781445966
United Kingdom,GBR,2015,2542000.0,55883.0,4448.789435069699,3.35114670170793
United Kingdom,GBR,2016,1775000.0,55883.0,3076.2790115061825,-30.173092053501183
United Kingdom,GBR,2017,2167000.0,55883.0,3777.7445734838857,22.08450704225353
United Kingdom,GBR,2018,2012000.0,55883.0,3500.3793640284166,-7.152745731425936
United Kingdom,GBR,2019,1752000.0,55883.0,3035.1215933289195,-12.922465208747514
United Kingdom,GBR,2020,1038000.0,55883.0,1757.4521768695308,-40.75342465753424
United Kingdom,GBR,2021,980762.44,55883.0,1655.028255462305,-5.514215799614652
United Kingdom,GBR,2022,1361375.1,55883.0,2336.116708122327,38.80783403573247
United Kingdom,GBR,2023,1216107.6,55883.0,2076.1673496412145,-10.67064470328567
United Kingdom,GBR,2024,823605.0,55883.0,1373.80240860369,-32.27531840110201
