winner,titles,first_title_year,last_title_year,highlight,label,note,source_url
Brazil,5,1958,2002,TRUE,Brazil: 5,,https://en.wikipedia.org/wiki/List_of_FIFA_World_Cup_finals
Italy,4,1934,2006,FALSE,Italy: 4,,https://en.wikipedia.org/wiki/List_of_FIFA_World_Cup_finals
Argentina,3,1978,2022,FALSE,Argentina: 3,,https://en.wikipedia.org/wiki/List_of_FIFA_World_Cup_finals
West Germany,3,1954,1990,TRUE,West Germany: 3,Germany and West Germany deliberately kept separate.,https://en.wikipedia.org/wiki/List_of_FIFA_World_Cup_finals
France,2,1998,2018,FALSE,France: 2,,https://en.wikipedia.org/wiki/List_of_FIFA_World_Cup_finals
Uruguay,2,1930,1950,FALSE,Uruguay: 2,,https://en.wikipedia.org/wiki/List_of_FIFA_World_Cup_finals
England,1,1966,1966,FALSE,England: 1,,https://en.wikipedia.org/wiki/List_of_FIFA_World_Cup_finals
Germany,1,2014,2014,TRUE,Germany: 1,Germany and West Germany deliberately kept separate.,https://en.wikipedia.org/wiki/List_of_FIFA_World_Cup_finals
Spain,1,2010,2010,FALSE,Spain: 1,,https://en.wikipedia.org/wiki/List_of_FIFA_World_Cup_finals
